gene,expression
aaeA,3.36E-06
aaeB,2.50E-06
aaeR,3.58E-05
aaeX,1.20E-05
aas,3.09E-05
aat,5.13E-05
abgA,9.52E-07
abgB,2.28E-06
abgR,7.35E-06
abgT,2.44E-06
abpA,3.14E-05
abpB,2.31E-05
abrB,1.26E-05
accA,3.50E-04
accB,5.09E-04
accC,5.94E-04
accD,4.84E-04
aceA,6.89E-05
aceB,2.67E-05
aceE,1.08E-03
aceF,6.62E-04
aceK,1.11E-05
ackA,3.06E-04
acnA,3.68E-05
acnB,1.09E-03
acpH,1.87E-05
acpP,8.45E-03
acpS,8.33E-05
acpT,1.53E-05
acrA,1.76E-04
acrB,2.25E-04
acrD,1.01E-05
acrE,7.49E-07
acrF,1.70E-06
acrR,2.49E-05
acrZ,4.98E-05
acs,5.44E-05
actP,1.16E-05
ada,1.02E-05
add,3.09E-05
adeD,1.01E-05
adeP,1.53E-04
adeQ,3.80E-07
adhE,9.43E-04
adhP,9.94E-06
adiA,2.47E-06
adiC,8.38E-07
adiY,1.22E-06
adk,2.48E-04
aegA,2.88E-06
aer,5.90E-05
aes,5.99E-06
afuB,1.52E-06
afuC,2.73E-06
agaA,3.23E-06
agaB,3.10E-07
agaC,4.74E-07
agaD,6.94E-07
agaI,6.99E-07
agaR,5.23E-05
agaS,1.61E-06
agaV,2.50E-06
agaW,1.89E-06
agp,1.79E-05
ahpC,2.49E-03
ahpF,1.54E-04
ahr,5.66E-06
aidB,1.67E-06
ais,1.51E-06
alaA,1.10E-04
alaC,3.47E-05
alaE,4.44E-05
alaS,7.99E-04
aldA,2.28E-04
aldB,7.56E-07
alkA,7.05E-06
alkB,2.86E-06
allA,2.23E-06
allB,1.80E-06
allC,2.79E-06
allD,3.83E-07
allE,1.09E-05
allR,1.15E-04
allS,5.02E-07
alpA,1.89E-06
alr,1.21E-04
alsA,1.02E-06
alsB,4.41E-06
alsC,3.62E-06
alsE,3.74E-06
alsK,5.05E-06
alx,2.51E-05
amiA,4.44E-05
amiB,4.16E-05
amiC,6.43E-05
amiD,4.26E-05
amn,7.62E-05
ampC,6.55E-06
ampD,2.62E-05
ampE,3.77E-05
ampG,4.60E-05
ampH,3.67E-05
amtB,2.72E-05
amyA,6.32E-05
anmK,3.00E-05
ansA,6.19E-05
ansB,4.20E-06
ansP,1.27E-05
apaG,1.39E-04
apaH,5.21E-05
aphA,8.89E-06
appA,5.57E-06
appB,2.83E-06
appC,1.77E-06
appX,1.07E-05
appY,1.80E-06
apt,1.98E-04
aqpZ,5.59E-06
araA,2.65E-06
araB,8.08E-07
araC,1.59E-05
araD,1.95E-06
araE,6.05E-06
araF,4.32E-06
araG,4.37E-06
araH,5.73E-06
araJ,1.16E-05
arcA,4.57E-04
arcB,5.72E-05
arfA,1.90E-05
arfB,3.09E-05
argA,3.50E-04
argB,3.50E-04
argC,3.56E-04
argD,2.92E-04
argE,3.56E-04
argF,0.00E+00
argG,1.16E-03
argH,5.39E-04
argI,1.26E-04
argK,1.74E-06
argO,6.52E-06
argP,8.50E-05
argR,2.29E-04
argS,1.48E-04
argT,1.44E-04
ariR,3.17E-07
arnA,4.45E-06
arnB,1.97E-06
arnC,2.97E-06
arnD,3.77E-06
arnE,3.84E-06
arnF,1.24E-05
arnT,2.02E-06
aroA,4.07E-04
aroB,2.58E-04
aroC,2.38E-04
aroD,7.21E-05
aroE,6.10E-05
aroF,8.92E-04
aroG,1.12E-03
aroH,1.06E-04
aroK,3.38E-04
aroL,1.93E-04
aroM,3.04E-05
aroP,5.61E-04
arpA,3.77E-07
arpB_1,3.12E-07
arpB_2,1.34E-07
arsB,2.41E-06
arsC,8.74E-06
arsR,5.56E-06
artI,2.02E-04
artJ,1.07E-03
artM,1.22E-04
artP,8.24E-05
artQ,7.17E-05
ascB,5.51E-06
ascF,3.21E-06
ascG,5.27E-06
asd,8.37E-04
aslA,2.71E-06
aslB,1.59E-06
asmA,5.79E-05
asnA,4.71E-04
asnB,2.84E-04
asnC,1.75E-05
asnS,5.42E-04
aspA,1.04E-04
aspC,1.03E-03
aspS,2.70E-04
asr,9.10E-06
astA,1.57E-06
astB,2.55E-06
astC,2.04E-06
astD,2.47E-06
astE,2.25E-06
atl,2.28E-05
atoA,2.60E-07
atoB,8.39E-07
atoC,4.43E-06
atoD,9.57E-07
atoE,5.92E-07
atoS,3.70E-06
atpA,2.16E-03
atpB,7.05E-04
atpC,2.28E-03
atpD,1.84E-03
atpE,3.17E-03
atpF,2.12E-03
atpG,1.92E-03
atpH,1.64E-03
atpI,2.23E-04
avtA,1.58E-04
azoR,9.68E-05
azuC,1.12E-05
bacA,5.63E-05
baeR,3.66E-05
baeS,8.47E-06
bamA,4.86E-04
bamB,2.69E-04
bamC,4.14E-04
bamD,3.73E-04
bamE,2.56E-04
barA,2.32E-05
basR,2.50E-05
basS,1.49E-05
bax,5.15E-05
bcp,3.90E-04
bcr,3.18E-05
bcsA,1.18E-05
bcsB,2.47E-05
bcsC,2.47E-05
bcsE,3.64E-05
bcsF,1.49E-05
bcsG,2.47E-05
bcsQ,1.15E-05
bcsZ,1.39E-05
bdcA,4.71E-06
bdcR,2.36E-05
bdm,4.11E-06
bepA,4.09E-05
betA,2.85E-05
betB,3.53E-05
betI,3.04E-05
betT,1.32E-05
bfd,2.40E-04
bfr,8.43E-05
bglA,8.86E-05
bglB,1.14E-06
bglF,6.21E-06
bglG,5.05E-08
bglH,4.71E-07
bglJ,4.68E-05
bglX,6.48E-05
bhsA,1.46E-05
bioA,4.00E-05
bioB,1.14E-04
bioC,6.44E-05
bioD,5.65E-05
bioF,7.96E-05
bioH,2.28E-05
bipA,1.16E-03
birA,4.45E-05
bisC,3.92E-05
blc,5.47E-06
blr,1.21E-05
bluF,2.59E-05
bluR,6.96E-05
bolA,1.09E-04
borD,1.83E-03
brnQ,6.35E-05
bsmA,1.08E-05
bssR,4.18E-05
bssS,9.38E-05
btuB,1.61E-04
btuC,1.54E-05
btuD,2.80E-05
btuE,4.89E-05
btuF,2.75E-05
btuR,6.87E-05
cadA,1.03E-06
cadB,2.22E-07
cadC,3.56E-06
caiA,4.61E-06
caiB,2.38E-06
caiC,3.69E-06
caiD,7.54E-07
caiE,2.97E-06
caiF,1.53E-05
caiT,3.63E-07
can,6.88E-04
carA,4.57E-04
carB,5.73E-04
cas1,6.31E-06
cas2,7.72E-06
cas3,1.69E-06
casA,7.01E-07
casB,2.15E-06
casC,3.22E-06
casD,3.70E-06
casE,5.85E-06
cbeA,2.69E-06
cbl,5.20E-05
cbpA,1.65E-05
cbpM,1.89E-05
cbrA,3.50E-06
cbrB,1.48E-05
cbrC,1.58E-05
cbtA,3.16E-06
cca,7.00E-05
ccmA,1.19E-05
ccmB,3.67E-06
ccmC,6.99E-06
ccmD,6.65E-06
ccmE,9.30E-06
ccmF,9.38E-06
ccmG,1.53E-05
ccmH,2.03E-05
cdaR,7.56E-06
cdd,2.92E-05
cdgI,3.30E-07
cdh,2.15E-05
cdsA,9.53E-05
cedA,7.66E-06
cfa,8.26E-05
chaA,6.56E-05
chaB,6.50E-06
chaC,1.71E-05
chbA,9.04E-06
chbB,1.77E-05
chbC,2.60E-06
chbF,2.00E-06
chbG,1.08E-05
chbR,5.44E-06
cheA,6.09E-04
cheB,2.22E-04
cheR,2.69E-04
cheW,1.29E-03
cheY,1.03E-03
cheZ,8.62E-04
chiA,5.44E-06
chiP,5.35E-06
cho,2.01E-05
chpB,1.37E-05
chpS,7.97E-06
cirA,4.97E-04
citC,6.79E-07
citD,5.70E-07
citE,6.75E-07
citF,4.28E-07
citG,4.81E-07
citT,1.10E-06
citX,1.42E-06
clcA,1.47E-05
clcB,2.46E-06
clpA,2.07E-04
clpB,8.80E-05
clpP,3.42E-04
clpS,8.98E-05
clpX,3.88E-04
clsA,3.15E-05
clsB,1.48E-06
clsC,1.51E-05
cmk,1.91E-04
cmoA,3.11E-05
cmoB,5.12E-05
cmoM,4.52E-05
cmtA,4.11E-07
cmtB,2.38E-07
cnu,1.07E-05
coaA,6.57E-05
coaD,6.93E-05
coaE,2.84E-05
cobB,7.84E-05
cobC,2.55E-05
cobS,6.65E-06
cobT,1.37E-05
cobU,1.89E-05
codA,1.11E-04
codB,2.74E-05
cof,1.57E-05
comR,1.15E-04
copA,6.51E-04
corA,4.39E-05
cpdA,1.45E-04
cpdB,2.14E-05
cpoB,7.60E-04
cpsB,0.00E+00
cpsG,0.00E+00
cptA,9.39E-05
cpxA,1.11E-04
cpxP,3.05E-04
cpxR,1.98E-04
cra,7.48E-05
crcB,3.73E-05
creA,5.52E-05
creB,4.00E-05
creC,1.21E-05
creD,4.22E-06
crfC,4.51E-05
crl,2.32E-04
crp,7.29E-04
crr,2.18E-03
csdA,5.49E-05
csdE,8.47E-05
csgA,7.98E-06
csgB,8.35E-07
csgC,7.37E-06
csgD,6.17E-07
csgE,3.80E-07
csgF,0.00E+00
csgG,2.11E-06
csiD,3.98E-06
csiE,2.99E-06
csiR,1.03E-05
cspA,1.71E-02
cspB,9.37E-05
cspC,3.13E-03
cspD,1.37E-04
cspE,1.46E-02
cspF,8.24E-06
cspG,4.66E-05
cspH,9.93E-07
cspI,4.97E-06
csrA,2.31E-03
csrD,1.47E-05
cstA,9.02E-05
cueO,2.17E-04
cueR,3.86E-05
curA,4.08E-06
cusA,3.96E-04
cusB,1.20E-03
cusC,1.01E-03
cusF,3.10E-03
cusR,1.61E-04
cusS,1.16E-04
cutA,1.68E-05
cutC,4.90E-05
cvpA,4.39E-04
cvrA,4.20E-05
cyaA,1.81E-04
cyaY,4.94E-05
cybB,1.34E-04
cycA,1.18E-04
cydA,2.83E-04
cydB,1.64E-04
cydC,7.18E-05
cydD,4.01E-05
cydX,2.06E-04
cynR,1.23E-05
cynS,4.09E-06
cynT,2.85E-06
cynX,2.67E-06
cyoA,7.87E-04
cyoB,6.59E-04
cyoC,4.96E-04
cyoD,5.43E-04
cyoE,4.51E-04
cysA,5.85E-04
cysB,1.42E-04
cysC,1.62E-04
cysD,6.19E-04
cysE,1.35E-04
cysG,3.28E-05
cysH,6.46E-04
cysI,7.06E-04
cysJ,5.70E-04
cysK,2.23E-03
cysM,3.08E-04
cysN,5.81E-04
cysP,6.42E-04
cysQ,4.85E-05
cysS,1.15E-04
cysU,2.28E-04
cysW,2.57E-04
cysZ,2.03E-05
cytR,6.32E-05
dacA,1.30E-04
dacB,3.68E-05
dacC,6.11E-05
dacD,3.77E-06
dadA,7.75E-05
dadX,5.13E-05
dam,1.05E-04
damX,4.21E-04
dapA,5.36E-04
dapB,4.37E-04
dapD,2.33E-03
dapE,8.12E-05
dapF,8.42E-05
dauA,1.93E-05
dbpA,2.70E-05
dcd,1.56E-04
dcm,3.72E-05
dcp,7.46E-05
dcrB,2.27E-04
dctA,2.32E-05
dctR,1.20E-07
dcuA,1.24E-04
dcuB,7.57E-07
dcuC,3.39E-06
dcuD,2.94E-06
dcuR,2.13E-05
dcuS,2.49E-05
dcyD,1.36E-04
ddlA,5.59E-05
ddlB,1.92E-04
ddpA,5.93E-06
ddpB,2.34E-06
ddpC,3.91E-06
ddpD,4.05E-06
ddpF,3.88E-06
ddpX,5.02E-06
deaD,4.68E-04
dedA,5.28E-05
dedD,6.77E-05
def,3.42E-04
degP,1.41E-04
degQ,3.05E-05
degS,3.03E-05
deoA,1.77E-05
deoB,1.14E-04
deoC,4.51E-05
deoD,3.09E-04
deoR,4.53E-05
der,1.71E-04
dfp,5.93E-05
dgcC,2.60E-06
dgcE,1.84E-05
dgcF,8.32E-06
dgcI,9.84E-06
dgcJ,3.50E-06
dgcM,5.97E-06
dgcN,9.52E-06
dgcP,5.59E-05
dgcQ,8.02E-06
dgcT,2.09E-06
dgcZ,6.48E-06
dgkA,4.10E-05
dgoA,1.54E-06
dgoD,2.10E-06
dgoK,6.02E-06
dgoR,1.60E-05
dgoT,1.36E-06
dgt,2.72E-05
dhaK,1.31E-04
dhaL,9.79E-05
dhaM,8.16E-05
dhaR,8.17E-06
diaA,6.85E-05
dicA,6.50E-05
dicB,2.24E-07
dicC,1.83E-07
dinB,1.20E-05
dinD,8.31E-06
dinF,1.49E-05
dinG,2.35E-05
dinI,1.34E-04
dinJ,1.51E-04
dinQ,1.19E-03
djlA,3.72E-05
djlB,4.15E-07
djlC,2.94E-06
dkgA,3.31E-05
dkgB,1.74E-05
dksA,7.37E-04
dld,1.71E-04
dmlA,6.25E-06
dmlR,8.45E-06
dmsA,3.83E-06
dmsB,3.22E-06
dmsC,5.83E-06
dmsD,3.58E-05
dnaA,8.94E-05
dnaB,1.11E-04
dnaC,2.84E-05
dnaE,8.06E-05
dnaG,1.14E-04
dnaJ,1.57E-04
dnaK,6.96E-04
dnaN,9.12E-05
dnaQ,5.51E-05
dnaT,2.78E-05
dnaX,7.09E-05
dosC,1.87E-05
dosP,1.16E-05
dpiA,8.17E-06
dpiB,5.23E-06
dppA,1.16E-03
dppB,7.95E-05
dppC,1.08E-04
dppD,1.57E-04
dppF,1.83E-04
dps,2.68E-05
dsbA,3.40E-04
dsbB,1.21E-04
dsbC,1.59E-04
dsbD,2.59E-05
dsbG,5.04E-05
dsdA,1.05E-05
dsdC,9.22E-06
dsdX,1.12E-06
dsrB,2.85E-05
dtd,5.62E-05
dtpA,3.13E-05
dtpB,3.93E-06
dtpC,4.34E-06
dtpD,3.03E-05
dusA,4.14E-05
dusB,3.81E-04
dusC,1.52E-05
dut,1.20E-04
dxr,2.87E-05
dxs,8.68E-05
eaeH,1.43E-07
eamA,2.12E-05
eamB,1.40E-05
ebgA,1.12E-06
ebgC,1.08E-06
ebgR,1.76E-05
ecnA,1.03E-04
ecnB,2.66E-05
eco,1.57E-05
ecpA,2.08E-05
ecpB,1.99E-06
ecpC,2.18E-06
ecpD,4.39E-06
ecpE,3.99E-06
ecpR,7.52E-07
eda,2.18E-04
edd,5.20E-05
efeB,7.72E-05
efeO,9.97E-05
efeU_1,6.33E-05
efp,9.56E-04
elaA,3.64E-05
elaB,7.74E-05
elaD,2.62E-07
elbB,3.70E-05
elfA,2.15E-06
elfC,1.01E-06
elfD,7.23E-07
elfG,2.84E-06
elyC,6.21E-06
emrA,4.21E-05
emrB,3.55E-05
emrD,6.60E-07
emrE,1.30E-05
emrK,1.27E-07
emrY,5.77E-07
emtA,5.60E-05
endA,5.44E-06
eno,3.19E-03
entA,2.19E-04
entB,3.12E-04
entC,2.26E-04
entD,5.37E-05
entE,2.31E-04
entF,2.43E-04
entH,1.80E-04
entS,7.26E-05
envC,5.70E-05
envR,2.87E-07
envY,1.94E-06
envZ,3.20E-05
epd,4.50E-04
epmA,1.67E-05
epmB,5.26E-05
epmC,1.08E-04
eptA,3.67E-06
eptB,1.55E-05
eptC,1.49E-04
era,2.39E-04
erpA,4.41E-04
essD,3.53E-06
essQ,2.94E-07
etk,8.84E-06
etp,3.31E-06
ettA,3.20E-04
eutA,1.08E-06
eutB,6.24E-05
eutC,1.18E-05
eutD,1.02E-06
eutE,8.29E-07
eutG,1.01E-06
eutH,1.14E-06
eutJ,3.54E-07
eutK,1.57E-05
eutL,1.60E-05
eutM,5.76E-06
eutN,4.41E-07
eutP,2.64E-07
eutQ,4.22E-07
eutR,9.72E-06
eutS,6.30E-08
eutT,1.03E-06
evgA,3.06E-06
evgS,2.53E-07
exbB,3.00E-04
exbD,3.44E-04
exoX,3.33E-05
exuR,9.77E-05
exuT,3.60E-06
fabA,5.29E-04
fabB,2.59E-04
fabD,4.34E-04
fabF,6.46E-04
fabG,1.10E-03
fabH,2.96E-04
fabI,1.10E-03
fabR,8.98E-05
fabZ,4.37E-04
fadA,1.50E-05
fadB,1.19E-05
fadD,3.53E-05
fadE,1.28E-05
fadH,3.33E-06
fadI,8.76E-06
fadJ,1.31E-05
fadK,3.94E-06
fadL,1.25E-04
fadM,8.00E-06
fadR,1.34E-04
fau,7.00E-05
fbaA,1.48E-03
fbaB,1.29E-05
fbp,1.50E-04
fcl,0.00E+00
fdhD,1.85E-05
fdhE,6.98E-05
fdhF,9.99E-06
fdnG,1.59E-06
fdnH,1.12E-06
fdnI,3.53E-06
fdoG,6.85E-05
fdoH,2.51E-05
fdoI,2.26E-05
fdrA,3.17E-07
fdx,4.43E-04
feaB,4.95E-06
feaR,5.23E-06
fecA,3.26E-05
fecB,2.19E-05
fecC,6.86E-06
fecD,7.25E-06
fecE,1.35E-05
fecI,2.95E-04
fecR,1.23E-04
feoA,3.74E-04
feoB,1.49E-04
feoC,1.08E-04
fepA,3.76E-04
fepB,8.92E-05
fepC,8.53E-05
fepD,3.65E-05
fepE,4.22E-06
fepG,3.84E-05
fes,1.72E-04
fetA,1.86E-05
fetB,1.44E-05
ffh,1.76E-04
fhlA,3.87E-06
fhuA,4.54E-04
fhuB,5.37E-05
fhuC,1.39E-04
fhuD,7.50E-05
fhuE,1.05E-04
fhuF,6.44E-04
fic,4.84E-06
fieF,5.87E-05
fimA,7.20E-06
fimB,1.30E-05
fimC,1.46E-07
fimD,4.97E-07
fimE,1.56E-06
fimF,8.37E-07
fimG,6.30E-07
fimH,1.92E-06
fimI,2.74E-07
fimZ,1.00E-07
fis,8.18E-04
fiu,3.09E-04
fixA,5.21E-07
fixB,1.06E-06
fixC,1.84E-06
fixX,1.40E-06
fklB,2.66E-04
fkpA,6.90E-04
fkpB,1.84E-04
fldA,2.33E-04
fldB,1.09E-04
flgA,4.13E-04
flgB,1.20E-03
flgC,1.48E-03
flgD,1.72E-03
flgE,1.94E-03
flgF,1.13E-03
flgG,1.18E-03
flgH,4.25E-04
flgI,2.83E-04
flgJ,2.23E-04
flgK,6.22E-04
flgL,9.63E-04
flgM,6.85E-04
flgN,7.76E-04
flhA,1.43E-04
flhB,8.14E-05
flhC,2.93E-04
flhD,2.52E-04
flhE,1.02E-04
fliA,7.98E-04
fliC,1.83E-02
fliD,5.25E-04
fliE,7.24E-05
fliF,3.80E-04
fliG,5.22E-04
fliH,3.39E-04
fliI,2.21E-04
fliJ,2.18E-04
fliK,2.32E-04
fliL,3.15E-04
fliM,3.24E-04
fliN,4.59E-04
fliO,1.61E-04
fliP,8.94E-05
fliQ,9.58E-05
fliR,4.78E-05
fliS,4.26E-04
fliT,4.48E-04
fliZ,4.07E-04
flk,3.14E-05
flu,1.40E-05
flxA,2.45E-04
fmt,2.32E-04
fnr,4.68E-04
focA,2.16E-04
focB,7.23E-06
folA,8.34E-05
folB,2.84E-05
folC,5.90E-05
folD,1.89E-04
folE,1.92E-03
folK,4.07E-05
folM,1.99E-05
folP,4.53E-05
folX,1.65E-04
fpr,7.51E-05
frc,4.23E-07
frdA,3.14E-05
frdB,1.79E-05
frdC,1.33E-05
frdD,1.57E-05
fre,1.59E-04
frlA,5.06E-07
frlB,3.04E-06
frlC,2.29E-06
frlD,3.88E-06
frlR,2.27E-05
frmA,1.35E-04
frmB,5.00E-05
frmR,1.09E-04
frr,6.84E-04
frsA,5.56E-05
fruA,4.20E-05
fruB,1.22E-04
fruK,5.76E-05
frvA,4.73E-07
frvB,4.95E-07
frvR,1.26E-06
frvX,2.75E-06
frwB,1.32E-06
frwC,6.66E-07
frwD,2.54E-06
fryA,2.23E-06
fryB,3.23E-07
fryC,5.76E-07
fsaA,6.35E-06
fsaB,2.68E-06
fsr,2.08E-05
ftnA,1.24E-04
ftnB,3.87E-05
ftp,8.89E-06
ftsA,1.21E-04
ftsB,8.37E-05
ftsE,6.38E-05
ftsH,5.52E-04
ftsI,6.83E-05
ftsK,1.15E-04
ftsL,8.81E-05
ftsN,6.87E-05
ftsP,8.25E-05
ftsQ,1.15E-04
ftsW,9.64E-05
ftsX,6.40E-05
ftsY,4.66E-05
ftsZ,5.23E-04
fucA,1.73E-06
fucI,4.28E-06
fucK,3.53E-06
fucO,7.73E-06
fucP,8.99E-07
fucR,2.21E-05
fucU,1.75E-05
fumA,1.66E-04
fumB,3.57E-06
fumC,2.82E-05
fur,6.08E-04
fusA,6.09E-03
fxsA,2.10E-05
gabD,6.67E-06
gabP,1.71E-06
gabT,8.92E-06
gadA,4.38E-07
gadB,4.38E-07
gadC,1.97E-06
gadE,2.40E-07
gadW,4.70E-06
gadX,1.49E-06
galE,5.92E-05
galF,0.00E+00
galK,6.88E-05
galM,1.42E-04
galP,1.93E-05
galR,4.62E-05
galS,6.22E-06
galT,4.59E-05
galU,2.58E-04
gapA,6.97E-03
gapC_1,1.11E-04
gapC_2,9.41E-05
garD,2.74E-06
garK,5.50E-06
garL,1.65E-06
garP,5.70E-07
garR,5.41E-06
gatA,4.67E-08
gatB,2.23E-07
gatC,8.58E-07
gatD,1.26E-06
gatR_1,4.69E-05
gatR_2,2.60E-05
gatY,5.94E-07
gatZ,4.35E-07
gcd,4.72E-05
gcl,1.16E-06
gcvA,2.89E-05
gcvH,4.66E-04
gcvP,1.17E-04
gcvR,8.60E-05
gcvT,1.54E-04
gdhA,2.18E-03
gfcA,5.94E-06
gfcB,5.57E-07
gfcC,9.34E-07
gfcD,1.96E-06
gfcE,3.21E-06
ggt,4.07E-06
ghoS,6.41E-07
ghoT,3.65E-07
ghrA,1.05E-04
ghrB,1.50E-04
ghxP,1.18E-04
ghxQ,3.87E-06
glcA,2.88E-06
glcB,2.83E-05
glcC,6.94E-06
glcD,1.65E-06
glcE,1.89E-06
glcF,6.77E-06
glcG,2.44E-05
gldA,9.85E-06
glf,1.92E-07
glgA,9.28E-05
glgB,7.98E-05
glgC,1.18E-04
glgP,1.08E-04
glgS,1.19E-05
glgX,6.41E-05
glk,7.48E-05
glmM,1.84E-04
glmS,4.56E-04
glmU,3.29E-04
glnA,2.22E-03
glnB,2.51E-04
glnD,3.24E-05
glnE,3.81E-05
glnG,1.22E-04
glnH,5.95E-04
glnK,1.78E-05
glnL,1.25E-04
glnP,1.62E-04
glnQ,2.47E-04
glnS,3.68E-04
gloA,3.34E-04
gloB,3.22E-05
gloC,1.50E-04
glpA,7.92E-07
glpB,6.04E-07
glpC,1.53E-06
glpD,5.32E-06
glpE,2.41E-05
glpF,5.45E-06
glpG,3.48E-05
glpK,1.52E-05
glpQ,1.95E-05
glpR,5.52E-05
glpT,2.33E-06
glpX,3.30E-05
glrK,1.84E-05
glrR,3.27E-05
gltA,2.07E-03
gltB,8.98E-04
gltD,1.22E-03
gltF,3.48E-05
gltI,8.82E-04
gltJ,1.42E-04
gltK,1.47E-04
gltL,3.03E-04
gltP,6.85E-05
gltS,8.02E-06
gltX,2.92E-04
gluQ,1.81E-05
glvB,1.00E-06
glvC,8.60E-07
glvG,2.98E-06
glxK,1.35E-06
glxR,1.32E-06
glyA,1.76E-03
glyQ,3.01E-04
glyS,4.30E-04
gmd,0.00E+00
gmhB,6.31E-05
gmk,1.39E-04
gmm,0.00E+00
gnd,3.29E-04
gnsA,9.62E-05
gnsB,1.71E-04
gntK,1.26E-05
gntP,2.68E-06
gntR,4.95E-05
gntT,4.61E-05
gntU,8.38E-06
gntX,3.41E-05
gor,9.93E-05
gph,1.08E-04
gpmA,1.35E-03
gpmM,3.01E-04
gpp,1.44E-04
gpsA,2.50E-04
gpt,1.80E-04
grcA,1.89E-03
greA,2.04E-04
greB,2.07E-05
groL,1.23E-03
groS,6.58E-04
grpE,5.43E-04
grxA,2.23E-05
grxB,1.32E-04
grxC,5.49E-04
grxD,7.44E-04
gshA,2.15E-04
gshB,1.33E-04
gsiA,9.65E-05
gsiB,8.81E-05
gsiC,4.00E-05
gsiD,1.65E-05
gsk,7.37E-05
gspA,7.63E-07
gspB,4.63E-06
gspC,1.94E-06
gspD,5.22E-06
gspE,3.08E-06
gspF,3.80E-06
gspG,2.80E-06
gspH,9.54E-07
gspI,8.95E-07
gspJ,1.33E-06
gspK,1.96E-06
gspL,2.73E-06
gspM,2.11E-06
gspO,1.05E-05
gss,6.31E-05
gstA,6.86E-05
gstB,6.94E-05
guaA,5.27E-04
guaB,2.97E-04
guaC,1.63E-04
guaD,5.96E-06
gudD,4.05E-06
gudP,5.00E-07
gudX,1.88E-06
gutM,4.23E-06
gutQ,2.34E-05
gyrA,2.81E-04
gyrB,1.85E-04
hcaB,4.87E-06
hcaC,4.74E-06
hcaD,5.33E-06
hcaE,6.35E-06
hcaF,4.16E-06
hcaR,9.99E-06
hcaT,1.53E-05
hchA,8.02E-06
hcp,1.04E-06
hcr,1.00E-06
hda,9.67E-05
hdeA,1.26E-05
hdeB,3.88E-06
hdeD,1.99E-06
hdfR,2.58E-05
hdhA,1.00E-05
helD,3.71E-05
hemA,5.03E-05
hemB,1.45E-04
hemC,1.14E-04
hemD,7.22E-05
hemE,1.02E-04
hemF,3.37E-05
hemG,5.09E-05
hemH,2.98E-05
hemL,2.04E-04
hemN,8.54E-05
hemX,1.13E-04
hemY,1.48E-04
hflC,5.10E-04
hflD,1.34E-04
hflK,4.26E-04
hflX,2.05E-04
hfq,1.14E-03
hha,2.57E-04
hicA,5.38E-06
hicB,1.83E-05
higA,1.06E-05
higB,2.08E-06
hinT,1.78E-04
hipA,9.69E-06
hipB,1.44E-05
hisA,2.35E-04
hisB,3.64E-04
hisC,3.24E-04
hisD,4.34E-04
hisF,2.41E-04
hisG,7.00E-04
hisH,2.84E-04
hisI,5.21E-04
hisJ,1.76E-03
hisL,9.12E-06
hisM,1.36E-04
hisP,2.13E-04
hisQ,2.87E-04
hisS,2.76E-04
hlyE,1.86E-07
hmp,2.04E-05
hns,4.59E-03
hofB,3.46E-06
hofC,2.25E-06
hofM,3.01E-06
hofN,9.40E-07
hofO,4.80E-07
hofP,7.31E-07
hofQ,1.47E-06
hokA,2.21E-06
hokB,3.98E-05
hokC,0.00E+00
hokD,1.16E-04
hokE,1.38E-06
holA,7.26E-05
holB,3.61E-05
holC,7.46E-05
holD,3.22E-05
holE,3.29E-05
hpf,4.99E-04
hpt,2.36E-04
hrpA,5.03E-05
hrpB,2.07E-05
hscA,2.05E-04
hscB,1.78E-04
hscC,1.54E-06
hsdM,5.51E-05
hsdR,6.28E-05
hsdS,3.48E-05
hslJ,4.65E-05
hslO,1.49E-04
hslR,8.37E-05
hslU,2.65E-04
hslV,1.23E-04
hspQ,2.49E-04
hsrA,1.20E-05
htgA,0.00E+00
htpG,1.88E-04
htpX,3.40E-04
htrE,4.40E-07
htrL,2.17E-05
hupA,3.55E-03
hupB,3.44E-03
hyaA,3.40E-07
hyaB,4.36E-07
hyaC,8.96E-07
hyaD,2.12E-06
hyaE,1.43E-06
hyaF,1.45E-06
hybA,2.79E-06
hybB,2.91E-06
hybC,9.64E-06
hybD,2.24E-05
hybE,1.73E-05
hybF,8.41E-06
hybG,2.09E-05
hybO,4.76E-06
hycA,8.70E-07
hycB,3.11E-07
hycC,7.99E-07
hycD,7.78E-07
hycE,2.21E-06
hycF,2.69E-06
hycG,2.86E-06
hycH,7.21E-06
hycI,2.14E-05
hydN,1.76E-06
hyfA,4.11E-07
hyfB,6.70E-07
hyfC,7.14E-07
hyfD,4.70E-07
hyfE,1.01E-06
hyfF,1.35E-06
hyfG,2.75E-06
hyfH,2.05E-06
hyfI,2.20E-06
hyfJ,2.04E-06
hyfR,2.09E-06
hyi,2.45E-07
hypA,1.93E-06
hypB,1.09E-05
hypC,7.52E-06
hypD,2.08E-05
hypE,8.29E-06
hypF,4.96E-06
hypT,1.13E-05
hyuA,1.10E-06
iaaA,1.46E-04
iadA,9.35E-05
iap,2.16E-05
ibaG,1.76E-04
ibpA,3.55E-05
ibpB,5.08E-06
icd,3.63E-03
icdC,3.04E-06
iclR,6.28E-05
idi,1.17E-05
idnD,1.97E-06
idnK,9.38E-07
idnO,2.85E-06
idnR,1.20E-05
idnT,4.34E-06
ihfA,1.54E-03
ihfB,5.78E-04
ileS,4.38E-04
ilvA,2.69E-04
ilvB,2.85E-04
ilvC,2.56E-03
ilvD,4.71E-04
ilvE,9.30E-04
ilvG_1,1.76E-04
ilvG_2,1.69E-04
ilvH,3.05E-04
ilvI,2.22E-04
ilvL,3.80E-04
ilvM,1.41E-04
ilvN,3.30E-04
ilvX,8.79E-05
ilvY,3.88E-05
inaA,3.22E-05
infA,1.71E-03
infB,7.08E-04
infC,4.26E-03
insA-1,0.00E+00
insA-2,0.00E+00
insA-3,0.00E+00
insA-4,0.00E+00
insA-5,0.00E+00
insA-6,0.00E+00
insA-7,2.97E-05
insAB-1,0.00E+00
insAB-2,0.00E+00
insAB-3,0.00E+00
insAB-4,0.00E+00
insAB-5,0.00E+00
insAB-6,0.00E+00
insB-1,0.00E+00
insB-2,0.00E+00
insB-4,0.00E+00
insC-1,0.00E+00
insC-2,0.00E+00
insC-3,0.00E+00
insC-4,0.00E+00
insC-5,0.00E+00
insC-6,0.00E+00
insCD-1,0.00E+00
insCD-2,0.00E+00
insCD-3,0.00E+00
insCD-4,0.00E+00
insCD-5,0.00E+00
insCD-6,0.00E+00
insD,0.00E+00
insD-1,0.00E+00
insE-1,0.00E+00
insE-2,0.00E+00
insE-3,0.00E+00
insE-4,0.00E+00
insE-5,0.00E+00
insEF-1,0.00E+00
insEF-2,0.00E+00
insEF-3,1.08E-07
insEF-4,1.80E-08
insEF-5,0.00E+00
insF-1,0.00E+00
insG,1.06E-05
insH-1,0.00E+00
insH-10,0.00E+00
insH-11,2.08E-08
insH-2,0.00E+00
insH-3,0.00E+00
insH-4,0.00E+00
insH-5,8.39E-06
insH-6,2.62E-06
insH-7,0.00E+00
insH-8,2.08E-08
insH-9,0.00E+00
insI-1,3.29E-06
insI-2,7.34E-08
insI-3,0.00E+00
insJ,0.00E+00
insJK,0.00E+00
insK,0.00E+00
insL-1,0.00E+00
insL-2,0.00E+00
insL-3,0.00E+00
insN-1,4.86E-06
insN-2,1.28E-05
insO-1,2.46E-05
insO-2,2.05E-06
intA,5.63E-05
intB,2.15E-05
intD,3.15E-05
intE,2.31E-06
intF,1.92E-05
intG,4.55E-05
intQ,6.89E-07
intR,1.15E-05
intS,1.40E-05
intZ,2.25E-05
iraD,4.63E-06
iraM,2.55E-06
iraP,1.31E-05
iroK,0.00E+00
iscA,1.28E-03
iscR,5.12E-04
iscS,1.03E-03
iscU,1.35E-03
iscX,4.54E-04
ispA,7.55E-05
ispB,1.38E-04
ispD,5.59E-05
ispE,8.53E-05
ispF,7.96E-05
ispG,2.84E-04
ispH,1.64E-04
ispU,1.21E-04
ivbL,2.85E-04
ivy,6.45E-05
katE,3.31E-06
katG,1.42E-04
kbaY,7.62E-07
kbaZ,1.55E-06
kbl,2.53E-05
kch,1.53E-05
kdgK,3.99E-05
kdgR,7.71E-05
kdgT,4.11E-06
kdpA,7.33E-07
kdpB,1.56E-06
kdpC,2.44E-06
kdpD,1.08E-05
kdpE,9.05E-06
kdpF,0.00E+00
kdsA,2.55E-04
kdsB,1.47E-04
kdsC,8.99E-05
kdsD,6.68E-05
kduD,1.11E-05
kduI,6.55E-06
kefB,1.22E-05
kefC,1.02E-05
kefF,6.57E-06
kefG,1.37E-05
kgtP,5.99E-06
kilR,2.86E-07
kptA,9.95E-06
kup,1.78E-05
lacA,1.42E-06
lacI,2.72E-05
lacY,8.27E-07
lacZ,3.20E-06
lafU,1.15E-06
lamB,1.41E-05
lapA,9.62E-05
lapB,3.03E-05
ldcA,2.25E-05
ldcC,5.65E-06
ldhA,1.90E-05
ldrA,5.88E-07
ldrB,1.18E-05
ldrC,0.00E+00
ldrD,1.42E-04
ldtA,1.45E-05
ldtB,1.29E-04
ldtC,5.03E-05
ldtD,2.24E-05
ldtE,2.27E-05
lepA,2.20E-04
lepB,2.64E-04
leuA,2.27E-04
leuB,5.22E-04
leuC,5.91E-04
leuD,9.08E-04
leuE,5.93E-06
leuL,1.03E-04
leuO,2.01E-06
leuS,3.38E-04
lexA,1.98E-04
lfhA,1.96E-06
lgoD,1.43E-06
lgoR,1.14E-05
lgoT,1.68E-04
lgt,7.74E-05
lhgO,3.32E-06
lhr,9.64E-06
ligA,6.36E-05
ligB,2.55E-06
lipA,1.66E-04
lipB,4.20E-05
lit,4.33E-06
livF,3.39E-04
livG,2.88E-04
livH,1.93E-04
livJ,6.13E-04
livK,4.44E-04
livM,2.35E-04
lldD,1.50E-05
lldP,7.17E-06
lldR,1.09E-05
lnt,6.68E-05
loiP,6.85E-05
lolA,1.35E-04
lolB,8.73E-05
lolC,6.36E-05
lolD,1.04E-04
lolE,8.79E-05
lomR_1,3.66E-06
lomR_2,1.98E-06
lon,3.18E-04
lpcA,2.18E-04
lpd,1.55E-03
lplA,2.62E-05
lplT,2.02E-05
lpoA,8.94E-05
lpoB,1.28E-04
lpp,2.74E-02
lptA,2.88E-04
lptB,1.81E-04
lptC,1.17E-04
lptD,2.11E-04
lptE,3.84E-04
lptF,3.35E-05
lptG,8.28E-05
lpxA,3.80E-04
lpxB,7.25E-05
lpxC,1.01E-03
lpxD,5.80E-04
lpxH,6.19E-05
lpxK,5.33E-05
lpxL,3.98E-05
lpxM,4.65E-05
lpxP,1.93E-04
lpxT,5.05E-05
lrhA,1.15E-04
lrp,1.20E-03
lspA,2.24E-04
lsrA,8.81E-07
lsrB,1.96E-06
lsrC,8.02E-07
lsrD,1.19E-06
lsrF,3.16E-06
lsrG,4.51E-06
lsrK,3.68E-06
lsrR,9.76E-06
ltaE,6.91E-05
luxS,4.92E-04
lysA,1.13E-04
lysC,1.28E-03
lysO,3.28E-05
lysP,4.84E-04
lysR,1.27E-05
lysS,6.01E-04
lysU,3.79E-05
lyxK,1.12E-06
maa,4.23E-05
macA,2.86E-05
macB,1.57E-05
maeA,1.77E-04
maeB,7.46E-05
mak,1.58E-05
malE,2.73E-05
malF,6.72E-06
malG,3.89E-06
malI,1.85E-05
malK,1.06E-05
malM,1.00E-05
malP,2.11E-05
malQ,1.34E-05
malS,7.74E-06
malT,1.23E-04
malX,7.89E-06
malY,2.20E-05
malZ,1.72E-05
manA,8.85E-05
manX,4.32E-04
manY,4.56E-04
manZ,5.62E-04
map,4.03E-04
marA,5.01E-05
marB,4.86E-05
marC,1.57E-05
marR,7.88E-06
matP,6.27E-05
mazE,6.39E-05
mazF,5.97E-05
mazG,4.72E-05
mcbA,5.11E-06
mcbR,1.27E-06
mcrA,6.42E-06
mcrB,1.83E-05
mcrC,6.51E-06
mdaB,4.79E-05
mdfA,8.77E-06
mdh,1.17E-03
mdlA,7.65E-06
mdlB,9.58E-06
mdtA,1.15E-05
mdtB,1.34E-05
mdtC,1.13E-05
mdtD,5.50E-06
mdtE,9.50E-07
mdtF,2.02E-06
mdtG,2.05E-06
mdtH,1.13E-05
mdtI,9.23E-06
mdtJ,6.99E-06
mdtK,1.27E-05
mdtL,2.73E-06
mdtM,3.24E-06
mdtN,1.09E-06
mdtO,9.07E-07
mdtP,6.34E-07
mdtQ,9.71E-07
melA,2.67E-06
melB,3.69E-06
melR,1.57E-05
menA,2.94E-05
menB,8.11E-05
menC,5.84E-05
menD,1.99E-05
menE,2.01E-05
menF,1.82E-05
menH,8.58E-06
menI,2.05E-04
mepA,1.31E-04
mepH,2.58E-05
mepM,4.97E-05
mepS,1.97E-04
metA,6.19E-05
metB,5.67E-05
metC,1.55E-04
metE,8.08E-03
metF,2.10E-04
metG,2.57E-04
metH,1.81E-04
metI,2.43E-04
metJ,1.52E-04
metK,8.22E-04
metL,1.30E-04
metN,1.20E-04
metQ,2.00E-03
metR,1.26E-05
mfd,6.00E-05
mglA,2.69E-05
mglB,7.12E-05
mglC,3.23E-05
mgrB,5.80E-05
mgsA,2.36E-04
mgtA,7.65E-06
mgtL,9.75E-05
mhpA,9.15E-07
mhpB,1.84E-06
mhpC,3.54E-06
mhpD,2.85E-06
mhpE,4.36E-06
mhpF,2.62E-06
mhpR,1.62E-05
mhpT,2.67E-06
miaA,3.66E-04
miaB,1.40E-04
minC,1.26E-04
minD,2.81E-04
minE,2.90E-04
mioC,1.82E-04
mipA,3.25E-04
mlaA,7.76E-05
mlaB,1.67E-04
mlaC,1.51E-04
mlaD,8.92E-05
mlaE,5.75E-05
mlaF,7.30E-05
mlc,2.73E-05
mliC,1.87E-05
mlrA,2.86E-06
mltA,5.81E-05
mltB,1.44E-06
mltC,6.66E-05
mltD,1.01E-04
mltF,9.01E-06
mltG,1.83E-05
mmuM,6.44E-05
mmuP,2.72E-05
mnaT,8.27E-05
mngA,2.78E-07
mngB,2.90E-06
mngR,1.51E-05
mnmA,1.45E-04
mnmC,2.81E-05
mnmE,3.75E-05
mnmG,1.10E-04
mntH,2.00E-05
mntP,4.70E-06
mntR,3.71E-05
mntS,4.68E-04
moaA,8.60E-05
moaB,5.83E-05
moaC,4.27E-05
moaD,2.42E-05
moaE,5.31E-05
mobA,2.19E-05
mobB,1.27E-05
mocA,1.57E-06
modA,1.27E-04
modB,5.23E-05
modC,7.25E-05
modE,4.15E-05
modF,1.08E-04
moeA,3.85E-05
moeB,4.70E-05
mog,7.34E-05
mokB,2.19E-05
mokC,1.91E-06
molR_1,4.36E-07
molR_2,1.34E-06
molR_3,3.35E-07
motA,2.40E-04
motB,2.84E-04
mpaA,3.68E-05
mpl,1.52E-04
mppA,2.10E-05
mprA,1.71E-04
mqo,1.63E-04
mqsA,2.81E-05
mqsR,1.93E-05
mraY,1.07E-04
mraZ,1.18E-04
mrcA,2.63E-05
mrcB,8.44E-05
mrdA,4.15E-05
mrdB,4.91E-05
mreB,3.87E-04
mreC,1.09E-04
mreD,6.12E-05
mrp,1.82E-04
mrr,3.22E-05
msbA,9.84E-05
mscK,4.36E-05
mscL,8.93E-05
mscM,2.32E-05
mscS,5.63E-05
msrA,3.55E-05
msrB,1.29E-04
msrC,2.12E-04
msrP,1.02E-05
msrQ,6.39E-06
msyB,6.43E-06
mtfA,4.20E-05
mtgA,5.07E-05
mtlA,2.32E-05
mtlD,2.89E-05
mtlR,2.98E-05
mtn,2.30E-04
mtr,3.00E-05
mug,6.74E-05
mukB,1.23E-04
mukE,8.46E-05
mukF,3.52E-05
murA,3.22E-04
murB,5.42E-05
murC,1.67E-04
murD,1.43E-04
murE,1.26E-04
murF,1.69E-04
murG,9.39E-05
murI,6.60E-05
murJ,2.22E-05
murP,8.71E-06
murQ,1.55E-05
murR,7.08E-06
mutH,1.66E-05
mutL,5.16E-05
mutM,1.90E-05
mutS,7.12E-05
mutT,2.49E-05
mutY,5.82E-05
mzrA,5.17E-05
nac,2.70E-05
nadA,1.11E-04
nadB,6.24E-05
nadC,5.16E-05
nadD,6.24E-05
nadE,1.36E-04
nadK,5.27E-05
nadR,9.33E-05
nagA,5.61E-05
nagB,7.97E-05
nagC,7.31E-05
nagE,7.58E-05
nagK,9.35E-05
nagZ,7.99E-05
nanA,1.51E-05
nanC,1.18E-07
nanE,5.46E-06
nanK,4.44E-06
nanM,1.28E-06
nanR,5.24E-05
nanS,9.70E-07
nanT,2.44E-06
napA,8.39E-06
napB,3.76E-06
napC,7.79E-06
napD,4.17E-06
napF,4.96E-06
napG,2.43E-06
napH,1.62E-06
narG,1.09E-05
narH,2.53E-06
narI,2.96E-06
narJ,2.20E-06
narK,3.78E-06
narL,5.25E-05
narP,2.18E-05
narQ,5.57E-06
narU,4.42E-07
narV,2.14E-06
narW,1.43E-06
narX,1.56E-05
narY,2.15E-06
narZ,2.02E-06
ndh,3.86E-04
ndk,3.61E-04
nei,3.40E-05
nemA,4.14E-05
nemR,5.99E-06
nepI,7.92E-06
nfi,6.38E-05
nfo,4.46E-05
nfrA,5.57E-06
nfrB,6.66E-06
nfsA,4.85E-05
nfsB,2.78E-04
nfuA,5.87E-04
nhaA,2.92E-05
nhaB,8.76E-05
nhaR,1.34E-05
nhoA,5.73E-06
nikA,6.98E-07
nikB,6.04E-07
nikC,5.83E-07
nikD,1.52E-06
nikE,2.04E-06
nikR,2.46E-05
nimR,5.64E-06
nimT,3.74E-06
ninE,1.24E-07
nirB,7.77E-05
nirC,4.22E-06
nirD,2.07E-05
nlpA,1.83E-04
nlpC,7.78E-05
nlpD,7.76E-05
nlpE,4.59E-05
nlpI,7.33E-04
nmpC,9.68E-03
nohA,4.82E-07
nohB,5.04E-07
norR,6.81E-06
norV,1.95E-06
norW,1.75E-06
npr,6.05E-05
nrdA,1.51E-04
nrdB,2.03E-04
nrdD,1.02E-05
nrdE,1.26E-04
nrdF,1.05E-04
nrdG,3.00E-06
nrdH,1.94E-04
nrdI,1.38E-04
nrdR,7.75E-05
nrfA,3.33E-06
nrfB,1.90E-06
nrfC,9.44E-07
nrfD,1.46E-06
nrfE,6.37E-07
nrfF,6.61E-07
nrfG,1.10E-06
nsrR,6.20E-05
nth,5.42E-05
nudB,2.12E-04
nudC,3.96E-05
nudE,7.54E-05
nudF,5.97E-05
nudG,5.70E-05
nudI,6.11E-06
nudJ,3.70E-05
nudK,4.16E-05
nudL,2.41E-05
nuoA,2.92E-04
nuoB,4.04E-04
nuoC,3.01E-04
nuoE,3.12E-04
nuoF,2.34E-04
nuoG,3.37E-04
nuoH,2.51E-04
nuoI,1.73E-04
nuoJ,1.61E-04
nuoK,5.74E-05
nuoL,1.55E-04
nuoM,2.04E-04
nuoN,2.38E-04
nupC,1.91E-04
nupG,1.64E-05
nupX,9.81E-07
nusA,5.33E-04
nusB,4.66E-04
nusG,7.17E-04
obgE,1.19E-04
ogrK,1.95E-05
ogt,2.05E-05
ompA,8.08E-03
ompC,2.63E-04
ompF,8.57E-03
ompG,7.00E-08
ompL,3.05E-07
ompN,6.53E-07
ompR,1.14E-04
ompT,1.13E-03
ompW,4.27E-06
ompX,2.98E-03
opgB,4.27E-05
opgC,1.28E-05
opgD,9.46E-05
opgE,1.50E-05
opgG,1.68E-04
opgH,1.41E-04
oppA,2.29E-04
oppB,4.19E-05
oppC,5.78E-05
oppD,6.72E-05
oppF,7.76E-05
orn,7.74E-05
ortT,1.87E-05
osmB,5.26E-05
osmC,2.62E-05
osmE,7.02E-05
osmF,3.92E-06
osmY,1.57E-05
otsA,7.27E-06
otsB,2.90E-06
oxc,6.36E-07
oxyR,1.51E-04
paaA,1.50E-06
paaB,2.94E-06
paaC,1.87E-06
paaD,2.42E-06
paaE,1.76E-06
paaF,1.46E-06
paaG,9.92E-07
paaH,1.66E-06
paaI,2.40E-06
paaJ,6.88E-06
paaK,6.92E-06
paaX,1.65E-05
paaY,3.48E-05
paaZ,7.34E-07
pabA,9.11E-06
pabB,2.74E-05
pabC,1.50E-05
pagP,2.15E-06
pal,3.32E-03
panB,2.02E-04
panC,3.02E-04
panD,6.08E-04
panE,4.04E-05
panF,2.53E-05
panZ,2.35E-05
paoA,6.13E-07
paoB,8.84E-07
paoC,1.38E-06
paoD,1.19E-06
parC,1.08E-04
parE,1.15E-04
patA,8.63E-06
patD,3.71E-06
patZ,1.99E-05
pbl,5.64E-08
pbpC,2.37E-06
pbpG,6.79E-05
pck,1.54E-04
pcm,7.87E-05
pcnB,1.79E-04
pdeA,1.05E-05
pdeB,7.39E-06
pdeC,3.63E-06
pdeD,2.26E-06
pdeF,1.68E-06
pdeG,3.19E-07
pdeH,2.75E-04
pdeI,6.22E-06
pdeK,1.79E-05
pdeL,7.56E-06
pdeN,1.66E-05
pdeR,8.84E-06
pdhR,2.27E-04
pdxA,1.03E-04
pdxB,1.11E-04
pdxH,9.42E-05
pdxJ,1.26E-04
pdxK,6.35E-05
pdxY,6.63E-05
pepA,2.13E-04
pepB,1.87E-04
pepD,2.97E-04
pepE,1.80E-05
pepN,8.67E-05
pepP,1.80E-04
pepQ,1.72E-04
pepT,4.38E-05
perR,4.61E-06
pfkA,4.63E-04
pfkB,1.89E-05
pflA,8.35E-05
pflB,1.18E-03
pflC,2.24E-06
pflD,3.47E-06
pgaA,6.54E-07
pgaB,3.04E-07
pgaC,5.58E-07
pgaD,2.35E-06
pgi,4.22E-04
pgk,9.49E-04
pgl,1.06E-04
pgm,2.23E-04
pgpA,1.02E-04
pgpB,2.51E-05
pgpC,3.24E-05
pgrR,8.01E-06
pgsA,1.22E-04
pheA,3.04E-04
pheL,3.26E-05
pheM,4.42E-05
pheP,8.29E-05
pheS,3.49E-04
pheT,4.93E-04
phnC,4.29E-07
phnD,7.49E-07
phnE_1,4.77E-07
phnE_2,6.88E-07
phnF,2.91E-07
phnG,2.80E-07
phnH,6.87E-07
phnI,3.57E-07
phnJ,4.00E-07
phnK,9.20E-07
phnL,4.88E-06
phnM,9.49E-07
phnN,7.20E-07
phnO,7.00E-06
phnP,4.74E-06
phoA,4.57E-06
phoB,1.11E-05
phoE,2.48E-06
phoH,2.17E-05
phoP,1.17E-04
phoQ,5.21E-05
phoR,6.56E-06
phoU,6.69E-05
php,1.59E-06
phr,8.72E-06
pinE,2.67E-07
pinH,1.47E-07
pinQ,2.15E-07
pinR,5.37E-07
pitA,1.11E-04
pitB,6.06E-07
plaP,3.09E-04
pldA,3.72E-05
pldB,3.88E-05
pliG,2.75E-05
plsB,1.08E-04
plsC,6.38E-05
plsX,4.46E-04
pmbA,9.69E-05
pmrD,1.82E-05
pmrR,4.91E-05
pncA,8.01E-05
pncB,1.45E-04
pncC,3.58E-05
pnp,1.07E-03
pntA,8.49E-04
pntB,8.65E-04
pnuC,1.22E-04
polA,6.85E-05
polB,8.03E-06
potA,7.30E-05
potB,3.66E-05
potC,4.23E-05
potD,2.62E-04
potE,2.84E-06
potF,1.09E-04
potG,6.58E-05
potH,2.33E-05
potI,5.10E-05
poxB,4.22E-06
ppa,1.53E-03
ppc,6.89E-04
ppdA,2.43E-06
ppdB,5.06E-06
ppdC,8.62E-06
ppdD,5.28E-07
pphA,3.03E-06
pphB,1.19E-06
ppiA,1.68E-04
ppiB,8.67E-04
ppiC,1.74E-04
ppiD,2.45E-04
ppk,6.05E-05
pppA,4.62E-06
ppsA,3.07E-04
ppsR,4.70E-05
pptA,1.42E-05
ppx,7.34E-05
pqiA,2.24E-05
pqiB,3.94E-05
pqqL,4.02E-05
prc,2.78E-04
preA,2.74E-06
preT,1.28E-06
prfA,6.78E-05
prfB,3.60E-04
prfC,2.18E-04
prfH,1.07E-05
priA,1.71E-05
priB,3.84E-03
priC,2.46E-05
prkB,5.01E-05
prlC,1.16E-04
prlF,3.96E-05
prmA,1.41E-04
prmB,1.24E-04
prmC,2.89E-05
proA,2.11E-04
proB,1.35E-04
proC,8.16E-05
proP,9.33E-05
proQ,7.14E-04
proS,4.51E-04
proV,6.19E-06
proW,6.14E-06
proX,1.26E-05
proY,3.22E-05
prpB,7.12E-07
prpC,6.33E-07
prpD,6.99E-07
prpE,1.04E-06
prpR,6.53E-07
prs,5.86E-04
psd,1.31E-04
psiE,1.61E-05
psiF,1.15E-05
pspA,1.01E-04
pspB,2.25E-05
pspC,1.58E-05
pspD,1.50E-05
pspE,1.02E-04
pspF,2.04E-05
pspG,8.27E-06
pssA,1.40E-04
pstA,2.07E-05
pstB,4.62E-05
pstC,1.18E-05
pstS,1.74E-05
psuG,3.83E-07
psuK,1.12E-07
psuT,1.17E-06
pta,2.66E-04
pth,4.65E-05
ptrA,4.59E-05
ptrB,1.77E-05
ptsA,7.95E-07
ptsG,1.47E-03
ptsH,2.91E-03
ptsI,1.85E-03
ptsN,2.48E-04
ptsP,1.04E-04
purA,1.07E-03
purB,4.57E-04
purC,5.98E-04
purD,3.57E-04
purE,1.28E-04
purF,3.56E-04
purH,2.89E-04
purK,2.41E-04
purL,3.93E-04
purM,3.98E-04
purN,3.34E-04
purR,2.46E-04
purT,1.28E-04
purU,2.17E-04
putA,2.10E-05
putP,1.20E-04
puuA,2.05E-05
puuB,6.29E-06
puuC,6.82E-06
puuD,1.05E-05
puuE,4.49E-06
puuP,8.78E-06
puuR,3.09E-05
pykA,2.16E-04
pykF,7.32E-04
pyrB,4.97E-05
pyrC,1.18E-04
pyrD,8.61E-05
pyrE,6.48E-05
pyrF,7.37E-05
pyrG,5.48E-04
pyrH,1.97E-04
pyrI,7.01E-05
pyrL,9.09E-06
qmcA,2.85E-05
qor,2.71E-05
qorB,5.45E-06
qseB,1.92E-06
qseC,2.37E-06
queA,5.02E-05
queC,4.85E-05
queD,4.74E-05
queE,1.93E-05
queF,8.42E-05
queG,2.42E-05
racC,1.38E-06
racR,6.04E-05
radA,1.33E-04
radD,1.53E-05
raiA,2.63E-03
ralR,3.25E-07
rapA,4.20E-05
rapZ,1.63E-04
rarA,5.83E-05
rarD,2.82E-05
ratA,7.92E-05
ratB,7.97E-05
ravA,1.79E-05
rayT,1.13E-05
rbbA,7.01E-06
rbfA,2.41E-04
rbn,2.17E-05
rbsA,1.80E-04
rbsB,7.83E-04
rbsC,2.26E-04
rbsD,3.93E-04
rbsK,1.60E-04
rbsR,5.43E-05
rcdA,1.14E-05
rclA,9.57E-07
rclB,1.78E-06
rclC,1.82E-06
rclR,1.51E-06
rcnA,3.49E-04
rcnB,1.07E-04
rcnR,6.38E-05
rcsA,3.25E-05
rcsB,4.25E-04
rcsC,3.91E-05
rcsD,5.74E-05
rcsF,8.40E-05
rdgB,1.08E-04
rdgC,5.76E-05
rdoA,9.32E-05
recA,3.44E-04
recB,5.10E-05
recC,3.44E-05
recD,5.35E-05
recE,1.53E-06
recF,3.05E-05
recG,5.02E-05
recJ,1.15E-04
recN,1.33E-05
recO,8.53E-05
recQ,3.76E-05
recR,2.66E-04
recT,2.82E-06
recX,6.71E-06
relA,1.09E-04
relB,4.50E-05
relE,9.42E-05
rem,5.71E-06
renD,6.71E-06
rep,3.07E-05
rfaD,2.02E-04
rfaE,4.60E-05
rfaH,1.85E-05
rfbA,0.00E+00
rfbB,0.00E+00
rfbC,3.03E-07
rfbD,0.00E+00
rfbX,1.69E-07
rfe,6.84E-05
rffC,5.01E-05
rffG,9.01E-05
rffH,7.38E-05
rffM,4.01E-05
rffT,2.64E-05
rhaA,8.90E-07
rhaB,4.75E-07
rhaD,2.03E-06
rhaM,1.48E-06
rhaR,2.14E-06
rhaS,1.67E-06
rhaT,1.72E-06
rhlB,3.37E-04
rhlE,7.44E-05
rho,7.40E-04
rhoL,2.73E-04
rhsA,1.94E-07
rhsB,2.70E-07
rhsC,2.00E-06
rhsD,1.35E-06
rhsE,3.10E-07
rhtA,7.27E-06
rhtB,4.16E-05
rhtC,5.85E-05
ribA,1.74E-04
ribB,1.53E-04
ribC,1.62E-04
ribD,8.70E-05
ribE,2.94E-04
ribF,1.40E-04
ridA,3.17E-04
rihA,4.70E-05
rihB,3.59E-07
rihC,2.52E-05
rimI,4.05E-05
rimJ,6.10E-05
rimK,3.34E-05
rimL,1.29E-05
rimM,4.39E-03
rimO,8.55E-05
rimP,3.64E-04
rlmA,4.49E-05
rlmB,1.19E-04
rlmC,1.93E-05
rlmD,2.72E-05
rlmE,2.55E-04
rlmF,1.82E-05
rlmG,2.34E-05
rlmH,8.24E-05
rlmI,9.76E-05
rlmJ,7.13E-05
rlmL,5.89E-05
rlmM,6.55E-05
rlmN,1.57E-04
rlpA,1.19E-04
rluA,5.33E-05
rluB,1.40E-04
rluC,6.36E-05
rluD,9.15E-05
rluE,2.13E-05
rluF,7.84E-05
rmf,5.54E-04
rmuC,1.18E-05
rna,6.88E-05
rnb,4.07E-04
rnc,1.59E-04
rnd,5.34E-05
rne,2.69E-04
rng,9.60E-05
rnhA,4.69E-05
rnhB,5.65E-05
rnk,1.06E-04
rnlA,4.17E-05
rnlB,2.84E-05
rnpA,3.15E-04
rnr,1.35E-04
rnt,4.24E-05
rob,1.95E-04
rodZ,1.88E-04
rof,1.01E-04
roxA,1.59E-04
rpe,1.40E-04
rph,8.82E-05
rpiA,2.85E-04
rpiB,3.29E-06
rpiR,2.15E-05
rplA,6.20E-03
rplB,7.67E-03
rplC,9.70E-03
rplD,5.26E-03
rplE,7.00E-03
rplF,7.25E-03
rplI,5.21E-03
rplJ,9.10E-03
rplK,4.31E-03
rplL,1.28E-02
rplM,6.27E-03
rplN,7.33E-03
rplO,6.96E-03
rplP,6.07E-03
rplQ,6.64E-03
rplR,5.32E-03
rplS,5.59E-03
rplT,7.06E-03
rplU,3.69E-03
rplV,7.56E-03
rplW,7.80E-03
rplX,7.34E-03
rplY,2.27E-03
rpmA,5.26E-03
rpmB,7.50E-03
rpmC,4.62E-03
rpmD,3.54E-03
rpmE,5.47E-03
rpmF,7.69E-03
rpmG,4.28E-03
rpmH,2.70E-03
rpmI,1.03E-02
rpmJ,8.95E-03
rpoA,8.05E-03
rpoB,1.11E-03
rpoC,1.16E-03
rpoD,3.60E-04
rpoE,2.56E-04
rpoH,1.95E-04
rpoN,2.01E-04
rpoS,2.01E-04
rpoZ,4.92E-04
rppH,2.41E-04
rpsA,6.36E-03
rpsB,5.59E-03
rpsC,6.47E-03
rpsD,7.58E-03
rpsE,6.68E-03
rpsF,5.58E-03
rpsG,4.95E-03
rpsH,6.98E-03
rpsI,5.43E-03
rpsJ,9.35E-03
rpsK,8.50E-03
rpsL,5.75E-03
rpsM,8.00E-03
rpsN,1.05E-02
rpsO,7.06E-03
rpsP,3.42E-03
rpsQ,7.59E-03
rpsR,5.28E-03
rpsS,6.14E-03
rpsT,3.14E-03
rpsU,3.04E-03
rraA,3.33E-04
rraB,5.46E-04
rrrD,3.70E-06
rrrQ,3.96E-07
rsd,3.21E-05
rseA,3.94E-04
rseB,1.17E-04
rseC,5.39E-05
rseP,1.74E-04
rsfS,1.16E-04
rsgA,1.14E-04
rsmA,1.45E-04
rsmB,8.99E-05
rsmC,5.91E-05
rsmD,4.78E-05
rsmE,6.24E-05
rsmF,3.18E-05
rsmG,5.70E-05
rsmH,1.05E-04
rsmI,3.86E-05
rsmJ,4.24E-05
rspA,4.16E-06
rspB,5.52E-06
rssA,3.28E-05
rssB,2.79E-05
rstA,6.33E-05
rstB,4.45E-05
rsuA,5.51E-05
rsxA,2.53E-05
rsxB,3.44E-05
rsxC,6.17E-05
rsxD,5.26E-05
rsxE,5.21E-05
rsxG,7.28E-05
rtcA,9.01E-06
rtcB,3.38E-06
rtcR,2.78E-06
rusA,2.33E-07
rutA,3.87E-07
rutB,9.16E-07
rutC,9.84E-07
rutD,1.00E-06
rutE,1.36E-06
rutF,2.78E-06
rutG,3.49E-06
rutR,1.77E-05
ruvA,5.25E-05
ruvB,4.86E-05
ruvC,2.03E-04
rzoD,0.00E+00
rzoR,0.00E+00
rzpD,1.07E-04
rzpR,6.35E-07
sad,2.32E-05
safA,1.07E-07
sanA,7.43E-06
sapA,4.15E-05
sapB,3.37E-05
sapC,2.36E-05
sapD,6.50E-05
sapF,4.52E-05
satP,1.73E-05
sbcB,5.47E-05
sbcC,2.69E-05
sbcD,1.79E-05
sbmA,2.56E-05
sbmC,7.32E-06
sbp,6.13E-05
scpA,2.17E-06
scpB,3.93E-06
scpC,2.66E-06
sdaA,2.38E-05
sdaB,2.49E-05
sdaC,7.07E-05
sdhA,7.64E-04
sdhB,9.68E-04
sdhC,3.58E-04
sdhD,4.73E-04
sdhE,1.42E-04
sdiA,1.40E-05
secA,2.60E-04
secB,7.23E-04
secD,3.53E-04
secE,5.77E-04
secF,3.83E-04
secG,5.32E-04
secM,1.41E-04
secY,4.88E-03
selA,5.45E-05
selB,7.03E-05
selD,1.34E-04
seqA,1.83E-04
serA,9.44E-04
serB,1.16E-04
serC,1.38E-03
serS,4.16E-04
setA,1.26E-05
setB,2.76E-06
setC,3.03E-07
sfmA,3.51E-07
sfmC,2.75E-07
sfmD,4.63E-07
sfmF,4.51E-07
sfmH,6.49E-08
sfsA,4.74E-05
sfsB,3.06E-05
sgbE,2.37E-06
sgbH,1.56E-06
sgbU,1.77E-06
sgcA,5.53E-06
sgcB,1.52E-06
sgcC,1.34E-06
sgcE,4.54E-06
sgcQ,8.05E-06
sgcR,3.84E-06
sgcX,4.20E-06
sgrR,8.02E-06
sgrT,4.04E-05
shiA,4.12E-05
shoB,1.40E-04
sieB,7.35E-07
sixA,1.15E-04
skp,1.16E-03
slmA,7.43E-05
slp,1.45E-06
slt,3.56E-05
slyA,2.28E-04
slyB,1.28E-03
slyD,1.23E-03
slyX,4.37E-05
smf,1.21E-05
smg,2.42E-04
smpB,2.07E-04
smrA,1.37E-05
smrB,7.58E-05
sodA,2.21E-03
sodB,2.33E-04
sodC,1.87E-05
sohB,6.50E-05
solA,1.41E-04
soxR,1.25E-05
soxS,4.05E-05
speA,3.58E-04
speB,1.52E-04
speC,5.51E-05
speD,4.19E-04
speE,3.83E-04
speF,3.94E-07
speG,9.36E-05
spoT,1.41E-04
sppA,8.05E-05
spy,7.16E-05
sra,9.61E-05
srlA,2.03E-06
srlB,3.53E-06
srlD,1.05E-05
srlE,2.16E-06
srlR,2.29E-05
srmB,1.10E-04
ssb,1.68E-04
sseA,4.13E-05
sseB,1.27E-04
ssnA,7.16E-07
sspA,4.56E-04
sspB,2.60E-04
sstT,1.49E-04
ssuA,3.50E-06
ssuB,6.03E-06
ssuC,1.87E-06
ssuD,4.26E-06
ssuE,4.26E-06
stfE,7.88E-08
stfR,9.43E-07
sthA,1.45E-04
stpA,3.20E-05
sucA,6.96E-04
sucB,1.54E-03
sucC,1.41E-03
sucD,1.47E-03
sufA,1.12E-04
sufB,1.56E-04
sufC,1.34E-04
sufD,1.66E-04
sufE,9.76E-05
sufS,1.34E-04
sugE,1.48E-05
suhB,1.08E-04
sulA,3.75E-05
surA,3.18E-04
sutR,9.45E-06
sxy,8.76E-06
syd,3.17E-05
symE,1.67E-06
tabA,5.12E-05
tadA,3.54E-05
tag,2.11E-05
talA,9.70E-06
talB,1.25E-03
tam,5.63E-06
tamA,3.81E-05
tamB,3.71E-05
tap,4.40E-04
tar,5.64E-04
tas,1.33E-04
tatA,4.57E-04
tatB,2.08E-04
tatC,9.28E-05
tatD,4.00E-05
tatE,3.98E-04
tauA,3.45E-06
tauB,4.27E-06
tauC,3.07E-06
tauD,6.80E-06
tbpA,6.47E-06
tcdA,6.29E-05
tcyJ,7.08E-04
tcyL,7.89E-05
tcyN,1.23E-04
tcyP,8.44E-04
tdcA,4.05E-07
tdcB,3.20E-07
tdcC,3.10E-06
tdcD,1.49E-06
tdcE,1.56E-06
tdcF,4.01E-06
tdcG,2.40E-06
tdcR,9.66E-08
tdh,3.84E-05
tdk,4.33E-05
tehA,8.46E-06
tehB,6.01E-05
tesA,4.27E-05
tesB,2.75E-05
tfaD,9.38E-07
tfaE,1.23E-06
tfaQ,2.94E-07
tfaR,7.34E-08
tfaX,3.41E-06
tgt,2.13E-04
thiC,3.75E-06
thiD,5.78E-06
thiE,3.16E-06
thiF,2.85E-06
thiG,2.52E-06
thiH,3.60E-06
thiI,1.05E-04
thiK,3.68E-05
thiL,4.57E-05
thiM,9.30E-06
thiP,1.98E-06
thiQ,9.83E-06
thiS,2.63E-06
thpR,1.64E-05
thrA,9.08E-04
thrB,1.09E-03
thrC,1.12E-03
thrL,1.65E-03
thrS,8.85E-04
thyA,1.62E-04
tig,1.76E-03
tilS,3.02E-05
tisB,2.07E-04
tktA,6.76E-04
tktB,1.03E-05
tldD,8.90E-05
tmcA,3.88E-05
tmk,3.96E-05
tnaA,6.87E-07
tnaB,6.10E-07
tnaC,0.00E+00
tolA,1.18E-04
tolB,6.06E-04
tolC,3.21E-04
tolQ,1.00E-04
tolR,1.56E-04
tomB,1.39E-04
tonB,3.10E-04
topA,1.82E-04
topAI,1.59E-05
topB,5.36E-05
torA,1.34E-06
torC,5.23E-07
torD,3.88E-06
torI,5.34E-05
torR,9.55E-06
torS,2.04E-06
torT,1.81E-06
torY,3.07E-07
torZ,2.48E-06
tpiA,8.79E-04
tpr,4.15E-06
tpx,3.08E-03
tqsA,7.44E-06
treA,1.66E-06
treB,4.58E-06
treC,4.23E-06
treF,5.40E-06
treR,1.50E-05
trg,6.43E-05
trkA,5.15E-05
trkG,1.27E-05
trkH,3.16E-05
trmA,6.40E-05
trmD,4.21E-03
trmH,5.62E-05
trmI,7.63E-05
trmJ,1.48E-04
trmL,3.49E-05
trmO,2.66E-05
trpA,5.95E-04
trpB,4.48E-04
trpC,2.37E-04
trpD,2.67E-04
trpE,2.23E-04
trpL,6.82E-05
trpR,6.05E-05
trpS,2.35E-04
truA,4.22E-05
truB,2.10E-04
truC,2.75E-05
truD,1.08E-04
trxA,2.05E-03
trxB,4.86E-04
trxC,5.55E-05
tsaB,6.15E-05
tsaC,8.49E-05
tsaD,5.15E-05
tsaE,2.87E-05
tsf,2.59E-03
tsgA,2.08E-05
tsr,1.17E-03
tsx,4.47E-04
ttcA,1.45E-04
ttdA,9.51E-07
ttdB,1.71E-06
ttdR,4.65E-06
ttdT,4.46E-06
tufA,3.41E-03
tufB,1.95E-03
tus,2.07E-05
tusA,4.00E-05
tusB,3.09E-05
tusC,3.03E-05
tusD,6.85E-05
tusE,6.26E-05
tynA,1.05E-06
tyrA,6.77E-04
tyrB,2.08E-04
tyrP,1.02E-05
tyrR,7.26E-05
tyrS,3.02E-04
uacT,2.34E-07
ubiA,4.14E-05
ubiB,7.05E-05
ubiC,4.28E-05
ubiD,1.12E-04
ubiE,1.20E-04
ubiF,4.48E-05
ubiG,8.09E-05
ubiH,7.03E-05
ubiI,4.93E-05
ubiJ,1.03E-04
ubiX,4.66E-05
ucpA,7.15E-05
udk,6.18E-05
udp,1.37E-04
ugd,1.50E-06
ugpA,1.38E-06
ugpB,7.77E-06
ugpC,9.36E-06
ugpE,2.98E-06
ugpQ,2.05E-05
uhpA,6.73E-05
uhpB,2.49E-05
uhpC,1.36E-05
uhpT,1.36E-04
uidA,1.20E-06
uidB,4.16E-07
uidC,1.50E-07
uidR,3.47E-05
ulaA,8.93E-07
ulaB,3.11E-06
ulaC,2.82E-06
ulaD,5.43E-06
ulaE,3.17E-06
ulaF,3.63E-06
ulaG,3.75E-06
ulaR,2.36E-05
umpG,9.27E-05
umpH,1.08E-04
umuC,3.52E-06
umuD,3.42E-06
ung,6.51E-05
uof,2.09E-04
upp,2.04E-04
uraA,3.97E-05
usg,8.64E-05
ushA,3.44E-05
uspA,4.66E-04
uspB,2.12E-05
uspC,8.38E-06
uspD,5.23E-05
uspE,1.77E-04
uspF,4.43E-05
uspG,4.58E-05
uup,9.09E-05
uvrA,4.83E-05
uvrB,4.91E-05
uvrC,6.07E-05
uvrD,4.78E-05
uvrY,7.78E-05
uxaA,1.37E-05
uxaB,2.96E-06
uxaC,1.33E-05
uxuA,1.88E-05
uxuB,1.62E-05
uxuR,4.81E-05
valS,4.10E-04
ves,6.45E-05
viaA,2.61E-05
vsr,1.60E-05
waaA,4.75E-05
waaB,2.74E-05
waaC,4.46E-05
waaF,1.12E-04
waaG,5.51E-05
waaH,2.29E-06
waaJ,1.33E-05
waaL,2.91E-05
waaO,2.49E-05
waaP,4.27E-05
waaQ,5.78E-05
waaS,5.13E-06
waaU,1.14E-05
waaY,1.36E-05
waaZ,9.29E-06
wbbH,7.25E-08
wbbI,1.28E-07
wbbJ,2.86E-07
wbbK,1.13E-07
wbbL_1,4.02E-07
wcaA,9.07E-07
wcaB,1.04E-06
wcaC,1.16E-06
wcaD,4.34E-07
wcaE,3.40E-07
wcaF,1.16E-07
wcaI,0.00E+00
wcaJ,0.00E+00
wcaK,0.00E+00
wcaL,0.00E+00
wcaM,0.00E+00
wecB,9.49E-05
wecC,1.03E-04
wecE,6.62E-05
wecH,4.61E-06
wrbA,1.38E-05
wza,3.53E-07
wzb,4.76E-08
wzc,3.42E-07
wzxC,0.00E+00
wzxE,2.55E-05
wzyE,1.36E-05
wzzB,2.71E-04
wzzE,8.53E-05
xanP,1.19E-04
xanQ,1.86E-06
xapA,5.33E-07
xapB,2.52E-06
xapR,4.59E-06
xdhA,2.74E-06
xdhB,2.82E-06
xdhC,3.22E-06
xdhD,3.67E-06
xerC,5.65E-05
xerD,6.35E-05
xisE,1.72E-06
xisR,2.94E-07
xseA,7.26E-05
xseB,7.63E-05
xthA,7.69E-05
xylA,3.93E-06
xylB,2.60E-06
xylE,4.47E-06
xylF,8.09E-07
xylG,2.00E-06
xylH,1.72E-06
xylR,1.04E-05
yaaA,6.36E-05
yaaI,1.20E-06
yaaJ,4.64E-06
yaaU,6.51E-07
yaaW,4.44E-07
yaaX,1.09E-04
yaaY,7.34E-06
yabI,1.31E-05
yabP,1.48E-05
yabQ,7.08E-05
yacC,2.97E-05
yacG,1.20E-04
yacH,2.94E-06
yacL,9.18E-05
yadC,1.09E-06
yadD,4.83E-06
yadE,8.51E-06
yadG,3.69E-05
yadH,4.07E-05
yadI,1.44E-05
yadK,3.90E-07
yadL,7.33E-07
yadM,7.79E-07
yadN,3.98E-07
yadS,2.35E-05
yadV,3.14E-07
yaeF,6.05E-06
yaeH,1.97E-04
yaeI,3.00E-05
yaeP,1.02E-04
yaeQ,3.68E-05
yaeR,2.35E-05
yafC,1.57E-05
yafD,7.42E-05
yafE,1.32E-05
yafF,1.90E-06
yafJ,8.51E-05
yafK,8.85E-05
yafL,2.62E-06
yafN,1.08E-05
yafO,6.79E-06
yafP,1.87E-06
yafQ,8.23E-05
yafS,2.87E-05
yafT,1.16E-06
yafU,3.12E-07
yafV,2.08E-05
yafW,5.19E-06
yafX,1.79E-05
yafY,1.34E-05
yafZ,1.70E-06
yagA,0.00E+00
yagB,0.00E+00
yagE,0.00E+00
yagF,0.00E+00
yagG,0.00E+00
yagH,0.00E+00
yagI,0.00E+00
yagJ,8.90E-06
yagK,4.52E-06
yagL,1.91E-06
yagM,1.24E-07
yagN,3.00E-05
yagP,4.48E-06
yagU,3.57E-05
yahB,7.57E-06
yahC,7.65E-07
yahD,1.85E-06
yahE,3.43E-07
yahF,3.96E-07
yahG,6.86E-07
yahH,1.57E-06
yahI,1.07E-06
yahJ,1.23E-05
yahK,1.11E-05
yahL,1.04E-07
yahM,2.67E-06
yahN,2.27E-06
yahO,1.62E-05
yaiA,2.14E-04
yaiE,2.92E-04
yaiF,1.64E-07
yaiI,2.86E-05
yaiL,2.69E-05
yaiO,9.84E-07
yaiP,7.95E-07
yaiS,1.52E-07
yaiT,2.08E-06
yaiU,4.75E-06
yaiV,1.04E-06
yaiW,4.46E-05
yaiX,1.96E-07
yaiY,1.05E-05
yaiZ,2.39E-05
yajC,5.57E-04
yajD,8.67E-05
yajG,1.82E-04
yajI,3.92E-06
yajL,3.95E-05
yajO,4.26E-05
yajQ,5.73E-04
yajR,1.52E-05
ybaA,3.05E-06
ybaB,6.34E-04
ybaE,7.32E-06
ybaK,5.17E-05
ybaL,6.13E-05
ybaM,3.80E-05
ybaN,4.71E-05
ybaO,8.62E-06
ybaP,3.75E-05
ybaQ,1.53E-04
ybaS,5.21E-07
ybaT,1.80E-06
ybaV,1.24E-05
ybaY,3.20E-05
ybbA,1.16E-05
ybbB,8.52E-06
ybbC,1.78E-06
ybbD,1.62E-07
ybbJ,2.13E-05
ybbN,1.95E-04
ybbO,4.96E-05
ybbP,8.22E-06
ybbW,1.02E-07
ybbY,8.77E-07
ybcC,4.57E-06
ybcD,3.30E-06
ybcF,6.65E-06
ybcH,4.06E-06
ybcI,6.24E-06
ybcJ,2.00E-04
ybcK,2.22E-07
ybcL,3.14E-06
ybcM,6.87E-06
ybcN,8.35E-07
ybcO,3.63E-07
ybcQ,1.38E-06
ybcV,2.52E-06
ybcW,6.95E-06
ybcY,2.28E-06
ybdD,6.10E-05
ybdF,1.73E-05
ybdG,2.23E-05
ybdH,3.81E-05
ybdJ,8.32E-06
ybdK,2.72E-06
ybdL,1.37E-05
ybdM,5.07E-06
ybdN,8.66E-07
ybdO,6.32E-07
ybdR,3.33E-06
ybdZ,2.29E-04
ybeD,2.36E-04
ybeF,2.84E-06
ybeL,3.77E-05
ybeM_1,5.94E-06
ybeM_2,5.74E-06
ybeQ,1.86E-06
ybeR,1.20E-07
ybeT,7.62E-08
ybeU,5.98E-07
ybeX,2.75E-04
ybeY,1.30E-04
ybeZ,1.42E-04
ybfA,3.28E-04
ybfB,2.59E-07
ybfC,2.60E-07
ybfD,1.39E-07
ybfE,2.99E-05
ybfF,3.77E-05
ybfG,5.15E-07
ybfH,1.01E-07
ybfK,2.46E-07
ybfL,7.97E-08
ybfN,6.66E-06
ybfO,4.28E-07
ybfP,9.02E-06
ybfQ,2.49E-07
ybgA,3.32E-06
ybgC,4.62E-05
ybgD,1.12E-06
ybgE,1.09E-04
ybgI,8.44E-05
ybgJ,7.61E-05
ybgK,6.84E-05
ybgL,5.14E-05
ybgO,1.29E-06
ybgP,1.07E-06
ybgQ,5.18E-07
ybgS,4.27E-06
ybhA,4.26E-05
ybhB,6.86E-05
ybhC,1.88E-04
ybhD,2.33E-06
ybhF,1.51E-05
ybhG,1.94E-05
ybhH,5.02E-07
ybhI,4.87E-07
ybhJ,3.52E-06
ybhK,3.66E-05
ybhL,1.14E-04
ybhM,1.07E-06
ybhN,1.13E-06
ybhP,1.83E-06
ybhQ,1.86E-05
ybhR,6.96E-06
ybhS,8.23E-06
ybiA,6.70E-06
ybiB,6.33E-05
ybiC,1.91E-04
ybiH,1.56E-05
ybiI,5.13E-05
ybiJ,5.85E-05
ybiO,2.03E-06
ybiR,1.23E-05
ybiT,1.18E-04
ybiU,1.10E-05
ybiV,3.89E-05
ybiW,2.57E-06
ybiX,1.11E-04
ybiY,5.70E-07
ybjC,1.67E-05
ybjD,1.16E-05
ybjG,2.14E-05
ybjH,2.06E-05
ybjI,2.76E-05
ybjJ,1.41E-05
ybjL,1.56E-05
ybjM,1.02E-05
ybjN,7.90E-05
ybjO,1.20E-05
ybjP,3.08E-05
ybjQ,7.16E-05
ybjS,3.11E-05
ybjT,3.45E-05
ybjX,8.43E-05
ycaC,3.74E-06
ycaD,1.69E-05
ycaI,2.91E-06
ycaK,4.97E-06
ycaL,6.14E-06
ycaM,6.65E-07
ycaN,2.12E-06
ycaO,2.11E-04
ycaP,3.42E-06
ycaQ,2.11E-05
ycaR,9.82E-05
ycbF,5.77E-06
ycbJ,8.26E-06
ycbK,1.37E-04
ycbU,2.22E-06
ycbV,1.76E-06
ycbX,4.24E-05
ycbZ,9.12E-05
yccA,5.37E-04
yccE,2.36E-07
yccF,1.87E-05
yccJ,3.36E-05
yccM,1.95E-06
yccS,1.77E-05
yccT,1.95E-06
yccU,6.23E-05
yccX,2.73E-05
ycdU,3.43E-07
ycdX,1.32E-04
ycdY,1.70E-04
ycdZ,6.87E-05
yceA,6.30E-05
yceB,4.14E-05
yceD,2.50E-03
yceF,4.86E-05
yceH,6.30E-05
yceI,2.09E-04
yceJ,1.78E-05
yceK,1.27E-05
yceM,2.72E-05
yceO,4.65E-06
yceQ,1.03E-04
ycfH,9.56E-05
ycfJ,3.37E-05
ycfK,7.05E-07
ycfL,1.60E-04
ycfP,1.43E-04
ycfT,1.18E-06
ycfZ,2.57E-06
ycgB,3.21E-06
ycgH_1,1.05E-06
ycgH_2,2.18E-06
ycgI,9.93E-07
ycgJ,3.20E-05
ycgL,8.69E-05
ycgM,7.05E-05
ycgN,2.91E-05
ycgR,2.38E-04
ycgV,2.79E-06
ycgX,6.27E-07
ycgY,5.76E-07
ycgZ,7.14E-07
ychA,8.48E-05
ychE,1.71E-05
ychE_1,2.64E-06
ychF,1.94E-04
ychG_1,3.94E-06
ychG_2,3.11E-06
ychH,3.60E-04
ychJ,7.59E-05
ychN,1.57E-04
ychO,1.01E-05
ychQ,2.00E-05
ychS,1.07E-06
yciA,6.00E-05
yciB,7.89E-05
yciC,4.47E-05
yciE,2.09E-06
yciF,2.11E-07
yciG,7.05E-07
yciH,8.73E-05
yciI,2.53E-04
yciK,6.47E-05
yciN,1.17E-04
yciO,7.28E-05
yciQ,9.01E-06
yciT,1.15E-04
yciU,1.20E-04
yciV,4.32E-05
yciW,1.18E-04
yciX,5.68E-05
yciY,6.90E-05
yciZ,7.38E-05
ycjD,5.08E-06
ycjF,1.93E-05
ycjG,1.99E-05
ycjM,1.76E-07
ycjN,2.94E-07
ycjO,5.28E-07
ycjP,6.77E-07
ycjQ,1.33E-06
ycjR,1.37E-06
ycjS,1.84E-06
ycjT,1.29E-06
ycjU,5.13E-07
ycjV,6.55E-07
ycjW,8.87E-06
ycjX,1.48E-05
ycjY,2.61E-06
ydaC,8.06E-07
ydaE,4.95E-07
ydaF,1.22E-06
ydaG,2.04E-06
ydaN,1.10E-05
ydaS,4.20E-06
ydaT,2.40E-06
ydaU,2.12E-06
ydaV,1.73E-06
ydaW,3.20E-06
ydaY,1.59E-06
ydbA_1,1.64E-06
ydbA_2,9.25E-06
ydbC,7.49E-06
ydbD,3.85E-07
ydbH,1.86E-05
ydbJ,2.47E-05
ydbK,4.09E-05
ydbL,2.12E-05
ydcA,5.34E-05
ydcC,1.86E-08
ydcD,1.75E-07
ydcF,3.61E-05
ydcH,5.41E-05
ydcI,4.23E-05
ydcJ,1.59E-06
ydcK,2.72E-06
ydcL,5.38E-05
ydcM,1.99E-05
ydcO,6.13E-06
ydcP,4.61E-05
ydcR,1.16E-05
ydcS,2.64E-06
ydcT,9.80E-07
ydcU,1.66E-06
ydcV,9.58E-07
ydcY,1.45E-04
ydcZ,3.70E-05
yddA,1.70E-05
yddB,2.83E-05
yddE,5.56E-05
yddG,8.03E-06
yddH,7.24E-06
yddJ,0.00E+00
yddK,0.00E+00
yddL,7.27E-08
yddM,4.10E-05
yddW,1.08E-05
ydeA,1.46E-05
ydeE,6.55E-06
ydeI,1.08E-06
ydeJ,7.62E-06
ydeK,6.75E-07
ydeM,5.11E-07
ydeN,3.04E-06
ydeO,1.67E-07
ydeP,2.37E-06
ydeQ,5.55E-07
ydeR,5.88E-07
ydeS,6.37E-07
ydeT,9.02E-07
ydeU,2.40E-06
ydfA,2.03E-06
ydfB,4.92E-06
ydfC,6.76E-06
ydfD,8.81E-07
ydfE,7.58E-07
ydfG,3.00E-04
ydfH,5.03E-05
ydfI,2.19E-06
ydfJ,7.41E-07
ydfK,9.04E-08
ydfN,8.35E-07
ydfO,1.18E-06
ydfP,3.82E-07
ydfR,1.02E-06
ydfT,2.30E-06
ydfU,8.46E-07
ydfV,6.29E-06
ydfW,6.91E-06
ydfX,2.11E-06
ydfZ,1.56E-05
ydgA,1.54E-04
ydgC,1.96E-05
ydgD,3.09E-05
ydgH,1.71E-04
ydgI,7.95E-06
ydgJ,9.24E-05
ydgK,2.41E-05
ydgU,2.77E-06
ydhB,1.67E-05
ydhC,6.00E-06
ydhF,5.31E-05
ydhI,8.39E-06
ydhJ,7.35E-06
ydhK,5.45E-06
ydhL,7.40E-06
ydhP,1.18E-05
ydhQ,2.67E-05
ydhR,1.93E-04
ydhS,2.28E-06
ydhT,1.95E-06
ydhU,2.05E-06
ydhV,6.94E-07
ydhW,1.50E-06
ydhX,1.85E-06
ydhY,2.70E-07
ydhZ,6.95E-05
ydiB,2.63E-06
ydiE,7.92E-05
ydiF,1.79E-06
ydiH,8.82E-05
ydiJ,1.85E-04
ydiK,3.57E-05
ydiL,1.42E-06
ydiM,1.57E-07
ydiN,1.00E-07
ydiO,2.66E-06
ydiP,2.71E-06
ydiQ,1.35E-06
ydiR,1.78E-06
ydiS,1.08E-06
ydiT,6.48E-07
ydiU,1.38E-04
ydiV,1.54E-05
ydiY,1.00E-04
ydiZ,1.06E-05
ydjA,1.32E-04
ydjE,1.70E-06
ydjF,1.26E-05
ydjG,2.11E-06
ydjH,1.05E-06
ydjI,1.49E-06
ydjJ,9.93E-07
ydjK,5.82E-07
ydjL,1.34E-06
ydjM,3.54E-06
ydjO,1.44E-05
ydjX,3.75E-06
ydjY,6.46E-06
ydjZ,5.17E-06
yeaC,1.96E-04
yeaD,7.30E-05
yeaE,2.34E-05
yeaG,3.00E-05
yeaH,8.35E-06
yeaK,3.53E-05
yeaL,9.13E-06
yeaO,4.36E-05
yeaQ,6.23E-05
yeaR,1.41E-06
yeaV,5.12E-07
yeaW,7.71E-07
yeaX,3.61E-06
yeaY,8.36E-05
yebB,1.82E-06
yebC,3.38E-04
yebE,3.58E-05
yebF,6.35E-05
yebG,1.28E-04
yebK,3.49E-05
yebO,2.22E-04
yebQ,2.12E-06
yebS,1.05E-05
yebT,2.74E-05
yebV,2.37E-05
yebW,6.39E-06
yebY,2.12E-04
yebZ,9.01E-05
yecA,7.64E-05
yecD,3.82E-05
yecE,1.66E-05
yecF,4.54E-05
yecH,1.49E-05
yecJ,1.64E-04
yecM,2.92E-05
yecN,3.80E-05
yecR,1.62E-04
yecT,2.64E-05
yedA,2.41E-06
yedD,1.06E-04
yedE,8.16E-05
yedF,1.44E-04
yedI,1.24E-05
yedJ,1.70E-05
yedK,2.15E-06
yedL,1.62E-05
yedM,3.01E-06
yedN_1,1.58E-06
yedN_2,7.71E-07
yedP,3.40E-06
yedR,5.72E-06
yedS_1,1.65E-06
yedS_2,4.53E-06
yedS_3,3.29E-06
yedV,4.00E-05
yedW,7.17E-05
yedX,3.50E-05
yeeA,5.11E-06
yeeD,7.98E-04
yeeE,1.44E-04
yeeJ,4.52E-06
yeeL_1,1.80E-07
yeeL_2,6.47E-08
yeeN,1.74E-04
yeeO,3.40E-06
yeeP,3.48E-06
yeeR,2.44E-06
yeeS,4.12E-06
yeeT,4.10E-06
yeeW,2.06E-06
yeeX,1.27E-03
yeeY,1.89E-05
yeeZ,1.09E-04
yefM,6.71E-05
yegD,1.85E-05
yegH,2.94E-05
yegI,2.57E-06
yegJ,4.58E-07
yegK,5.55E-07
yegL,1.35E-06
yegP,8.00E-06
yegQ,4.79E-05
yegR,5.99E-07
yegS,4.00E-06
yegT,2.04E-06
yegU,8.36E-06
yegV,7.88E-06
yegW,1.18E-05
yegX,4.31E-06
yegZ,1.74E-06
yehA,4.29E-07
yehB,2.30E-07
yehC,0.00E+00
yehD,9.35E-07
yehE,6.68E-06
yehI,2.52E-06
yehK,3.33E-07
yehL,2.33E-07
yehM,7.70E-07
yehP,5.77E-07
yehQ,1.36E-06
yehR,3.43E-06
yehS,6.81E-05
yehT,3.39E-05
yehU,1.75E-05
yehW,4.80E-06
yehX,2.72E-06
yehY,1.48E-06
yeiB,1.44E-04
yeiE,2.69E-05
yeiG,1.15E-04
yeiH,9.07E-06
yeiI,3.17E-05
yeiL,9.93E-07
yeiP,1.74E-04
yeiQ,1.78E-05
yeiR,2.54E-05
yeiS,1.70E-05
yeiW,1.09E-05
yejA,1.06E-05
yejB,7.82E-06
yejE,9.24E-06
yejF,2.47E-05
yejG,7.79E-05
yejK,9.14E-05
yejL,8.78E-05
yejM,5.73E-05
yejO,5.40E-06
yfaA,1.88E-06
yfaD,8.01E-06
yfaE,1.68E-04
yfaH,1.74E-06
yfaL,5.50E-06
yfaP,1.17E-06
yfaQ,1.49E-06
yfaS_1,1.75E-06
yfaS_2,3.39E-06
yfaT,6.78E-07
yfaU,6.52E-06
yfaV,1.61E-06
yfaW,9.38E-07
yfaX,1.03E-06
yfaY,6.21E-05
yfaZ,1.18E-05
yfbK,1.74E-06
yfbL,1.09E-07
yfbM,3.78E-07
yfbN,2.66E-07
yfbO,1.15E-06
yfbP,6.58E-06
yfbR,5.10E-05
yfbS,1.03E-05
yfbT,2.90E-04
yfbU,2.87E-04
yfbV,1.26E-04
yfcA,7.12E-05
yfcC,1.20E-06
yfcD,8.71E-05
yfcE,7.36E-05
yfcF,3.15E-05
yfcG,1.73E-06
yfcH,1.09E-04
yfcI,1.56E-05
yfcJ,1.41E-05
yfcL,2.40E-04
yfcO,2.98E-05
yfcP,1.49E-06
yfcQ,1.30E-06
yfcR,7.42E-07
yfcS,5.62E-07
yfcT,8.72E-07
yfcU,2.09E-06
yfcV,1.13E-07
yfcZ,9.46E-05
yfdC,3.20E-06
yfdE,5.17E-07
yfdF,3.00E-07
yfdG,4.61E-05
yfdH,8.70E-05
yfdI,3.26E-05
yfdK,2.25E-06
yfdL,2.45E-07
yfdM,0.00E+00
yfdN,8.55E-08
yfdO,1.15E-07
yfdP,5.68E-07
yfdQ,3.05E-06
yfdR,7.88E-08
yfdS,3.50E-07
yfdT,1.24E-06
yfdV,4.48E-07
yfdX,2.33E-07
yfdY,7.05E-06
yfeC,4.09E-05
yfeD,3.60E-05
yfeH,4.35E-05
yfeK,6.37E-06
yfeN,9.40E-07
yfeO,6.63E-06
yfeR,8.35E-06
yfeS,4.08E-05
yfeW,6.58E-06
yfeX,1.06E-04
yfeY,5.81E-05
yfeZ,1.39E-05
yffB,4.79E-05
yffL,9.85E-06
yffM,1.38E-06
yffN,1.21E-06
yffO,1.67E-06
yffP,1.14E-06
yffQ,9.69E-07
yffR,1.30E-05
yffS,3.55E-05
yfgD,2.65E-04
yfgG,7.18E-05
yfgH,1.34E-06
yfgI,4.47E-06
yfgJ,1.24E-04
yfgM,2.33E-04
yfgO,2.30E-05
yfhG,3.14E-05
yfhH,9.17E-06
yfhL,7.13E-06
yfhM,1.41E-05
yfhR,1.15E-06
yfiB,3.67E-05
yfiC,2.49E-05
yfiE,1.03E-05
yfiF,1.30E-04
yfiH,6.21E-05
yfiL,2.60E-06
yfiM,2.22E-05
yfiP,2.56E-05
yfiR,9.74E-06
yfjD,4.29E-05
yfjH,2.01E-06
yfjI,2.40E-07
yfjJ,1.01E-06
yfjM,2.32E-06
yfjP,2.86E-06
yfjQ,1.29E-06
yfjR,2.59E-06
yfjS,2.24E-06
yfjT,1.05E-05
yfjU,6.45E-06
yfjW,3.89E-06
yfjX,1.52E-06
yfjY,7.01E-07
yfjZ,9.31E-07
ygaC,1.66E-05
ygaH,5.53E-05
ygaM,2.87E-05
ygaP,1.98E-05
ygaQ,1.41E-07
ygaU,2.03E-05
ygaV,1.11E-05
ygaX,1.82E-06
ygaY,2.40E-06
ygaZ,9.37E-05
ygbA,4.90E-06
ygbE,5.26E-05
ygbI,1.33E-05
ygbJ,1.84E-06
ygbK,4.04E-06
ygbL,4.04E-06
ygbM,3.95E-06
ygbN,2.06E-06
ygcE,1.89E-06
ygcG,8.72E-07
ygcN,4.21E-06
ygcO,2.11E-06
ygcP,2.50E-06
ygcQ,2.24E-06
ygcR,1.00E-06
ygcS,5.69E-07
ygcU,6.69E-07
ygcW,3.23E-07
ygdB,7.15E-06
ygdD,3.30E-05
ygdG,8.80E-06
ygdH,1.54E-04
ygdI,2.50E-05
ygdQ,1.59E-05
ygdR,7.90E-05
ygdT,4.60E-06
ygeA,3.13E-05
ygeF,9.46E-08
ygeG,4.30E-08
ygeH,7.68E-08
ygeI,2.90E-07
ygeK,0.00E+00
ygeL,0.00E+00
ygeM,9.79E-08
ygeN,2.32E-07
ygeO,7.45E-07
ygeP,2.82E-06
ygeQ,1.62E-06
ygeR,5.42E-05
ygeV,4.98E-06
ygeW,4.80E-07
ygeX,1.91E-06
ygeY,1.92E-06
ygfB,2.19E-04
ygfF,9.47E-06
ygfI,1.63E-06
ygfK,1.51E-06
ygfM,2.36E-06
ygfS,4.33E-06
ygfT,9.69E-07
ygfZ,1.05E-04
yggC,2.20E-05
yggD,3.17E-05
yggE,3.84E-05
yggF,6.13E-07
yggI,5.18E-06
yggL,2.22E-04
yggM,2.31E-06
yggN,1.59E-05
yggP,6.45E-07
yggR,4.12E-06
yggS,4.70E-05
yggT,1.02E-04
yggU,6.25E-05
yggW,6.18E-05
yggX,2.95E-04
yghA,1.51E-06
yghB,5.79E-05
yghD,3.74E-06
yghE,2.44E-05
yghF,1.93E-06
yghG,4.07E-06
yghJ,1.71E-05
yghO,1.14E-06
yghQ,4.56E-06
yghR,7.52E-07
yghS,8.59E-07
yghT,2.14E-07
yghU,6.86E-05
yghW,9.55E-07
yghX_1,1.29E-06
yghX_2,1.14E-06
yghZ,2.01E-05
ygiA,5.19E-05
ygiB,3.40E-04
ygiC,3.05E-04
ygiD,1.95E-05
ygiF,2.54E-05
ygiH,2.13E-05
ygiL,1.49E-06
ygiM,7.77E-05
ygiN,3.43E-04
ygiQ,9.61E-05
ygiS,1.76E-05
ygiV,4.82E-06
ygiW,6.67E-06
ygiZ,3.18E-07
ygjH,1.46E-06
ygjI,2.80E-07
ygjJ,2.76E-07
ygjK,1.17E-06
ygjP,1.72E-05
ygjQ,1.19E-06
ygjR,3.86E-05
ygjV,6.59E-06
yhaB,3.92E-08
yhaC,1.78E-08
yhaH,2.64E-05
yhaI,9.48E-07
yhaJ,2.14E-05
yhaK,7.38E-06
yhaL,3.85E-05
yhaM,5.82E-06
yhaO,2.92E-06
yhaV,5.42E-05
yhbE,7.01E-05
yhbO,2.49E-06
yhbP,6.53E-06
yhbQ,2.11E-05
yhbS,6.24E-05
yhbT,9.67E-05
yhbU,6.35E-06
yhbV,4.69E-06
yhbW,2.76E-05
yhbX,4.75E-06
yhbY,4.03E-04
yhcA,1.07E-06
yhcB,4.80E-04
yhcC,3.30E-06
yhcD,2.64E-06
yhcF,5.58E-06
yhcG,3.84E-06
yhcH,1.03E-05
yhcN,3.20E-05
yhcO,2.25E-06
yhdE,6.51E-05
yhdH,2.34E-05
yhdJ,2.27E-06
yhdN,2.84E-05
yhdP,2.80E-05
yhdT,1.16E-05
yhdU,1.41E-06
yhdV,4.25E-05
yhdW,2.41E-05
yhdX,3.10E-06
yhdY,1.51E-06
yhdZ,4.79E-06
yheO,7.91E-05
yheS,5.57E-05
yheT,3.39E-05
yheU,5.89E-05
yheV,5.92E-05
yhfA,9.26E-05
yhfG,6.42E-06
yhfK,4.92E-05
yhfL,4.66E-06
yhfS,2.51E-06
yhfT,1.56E-06
yhfU,2.21E-06
yhfW,6.03E-07
yhfX,3.27E-07
yhfY,7.63E-06
yhfZ,6.21E-06
yhgA,6.14E-06
yhgE,8.93E-06
yhgF,1.25E-04
yhgN,2.00E-05
yhhA,1.17E-05
yhhH,2.75E-07
yhhI,4.46E-07
yhhJ,1.22E-05
yhhL,4.54E-05
yhhM,3.22E-05
yhhN,3.97E-05
yhhQ,7.53E-06
yhhS,2.43E-05
yhhT,3.46E-06
yhhW,2.33E-05
yhhX,7.70E-05
yhhY,9.00E-06
yhhZ,1.08E-07
yhiD,1.63E-07
yhiI,7.62E-06
yhiJ,4.82E-07
yhiK,0.00E+00
yhiL,8.54E-08
yhiM,1.04E-06
yhiN,1.37E-05
yhiS_1,2.97E-07
yhjA,1.57E-06
yhjB,7.16E-06
yhjC,5.55E-06
yhjD,8.05E-06
yhjE,2.75E-04
yhjG,5.50E-05
yhjJ,3.02E-05
yhjR,5.18E-05
yhjV,2.18E-05
yhjX,1.12E-06
yhjY,6.05E-06
yiaA,8.21E-07
yiaB,0.00E+00
yiaC,2.30E-05
yiaD,4.99E-05
yiaF,1.95E-04
yiaG,3.85E-06
yiaJ,3.62E-05
yiaK,6.14E-07
yiaL,1.36E-07
yiaM,1.34E-07
yiaN,3.48E-07
yiaO,3.21E-07
yiaT,7.99E-07
yiaU,6.75E-06
yiaV,1.13E-06
yiaW,3.92E-07
yiaY,4.22E-07
yibA,1.71E-06
yibF,2.36E-05
yibG,2.29E-07
yibH,1.36E-06
yibI,3.85E-06
yibJ,9.94E-07
yibL,2.34E-04
yibN,4.11E-04
yibQ,2.87E-05
yibT,2.80E-05
yibV,6.30E-08
yicC,1.54E-04
yicG,2.02E-06
yicH,3.24E-05
yicI,3.91E-06
yicJ,8.56E-07
yicL,1.38E-05
yicN,1.54E-05
yicR,2.18E-05
yicS,6.55E-06
yidA,1.09E-04
yidB,7.42E-06
yidC,4.80E-04
yidD,1.71E-04
yidE,1.13E-05
yidF,5.82E-06
yidG,4.89E-06
yidH,1.22E-05
yidI,1.10E-05
yidJ,1.95E-06
yidK,3.82E-07
yidL,1.21E-06
yidP,1.33E-06
yidQ,5.42E-05
yidR,2.29E-05
yidX,1.07E-05
yidZ,1.10E-05
yieE,1.54E-05
yieF,4.38E-05
yieH,1.67E-05
yieK,2.60E-06
yieL,1.04E-06
yieP,6.65E-05
yifB,3.97E-06
yifE,4.57E-04
yifK,1.51E-04
yifL,1.42E-04
yifN,3.77E-06
yifO,1.14E-05
yigA,4.16E-05
yigB,4.50E-05
yigE,3.32E-06
yigF,4.72E-06
yigG,9.99E-07
yigI,1.98E-05
yigL,4.09E-05
yigM,2.01E-05
yigZ,6.24E-05
yihA,1.15E-04
yihD,1.06E-04
yihF,1.23E-06
yihG,8.66E-06
yihI,1.48E-04
yihL,6.01E-06
yihM,8.15E-06
yihN,1.80E-06
yihO,8.44E-07
yihP,9.62E-07
yihQ,7.06E-07
yihR,5.02E-07
yihS,5.26E-06
yihT,3.25E-06
yihU,1.06E-06
yihV,2.26E-06
yihW,2.60E-05
yihX,3.49E-05
yihY,2.36E-05
yiiD,4.62E-05
yiiE,2.90E-07
yiiF,6.66E-06
yiiG,1.62E-06
yiiM,2.63E-05
yiiQ,2.75E-05
yiiR,1.64E-05
yiiS,2.23E-05
yiiX,1.04E-05
yijD,1.68E-04
yijE,1.40E-05
yijF,2.16E-06
yijO,4.42E-06
yjaA,3.08E-06
yjaB,3.29E-06
yjaG,1.42E-04
yjaH,5.22E-05
yjaZ,9.24E-06
yjbB,2.55E-05
yjbD,2.95E-04
yjbE,8.01E-06
yjbF,7.28E-07
yjbG,5.16E-07
yjbH,1.05E-06
yjbI,4.46E-07
yjbJ,3.44E-05
yjbL,0.00E+00
yjbM,1.79E-07
yjbQ,4.85E-05
yjbR,5.77E-05
yjbS,0.00E+00
yjbT,2.20E-06
yjcB,7.26E-05
yjcE,2.57E-05
yjcF,1.96E-07
yjcH,1.49E-05
yjcO,7.37E-05
yjcS,3.20E-07
yjcZ,1.56E-04
yjdC,5.00E-05
yjdF,1.07E-05
yjdI,1.19E-06
yjdJ,2.94E-06
yjdM,3.24E-05
yjdN,2.72E-06
yjdP,7.95E-06
yjeF,1.52E-05
yjeH,1.52E-05
yjeI,1.97E-04
yjeJ,1.14E-05
yjeM,1.91E-06
yjeN,4.03E-06
yjeO,1.29E-05
yjeT,1.74E-05
yjeV,1.33E-05
yjfC,8.90E-07
yjfF,3.42E-06
yjfI,6.31E-07
yjfJ,9.99E-07
yjfK,4.49E-07
yjfL,3.18E-07
yjfM,3.97E-07
yjfN,1.41E-05
yjfP,1.91E-05
yjfY,3.99E-06
yjfZ,3.06E-06
yjgA,1.65E-04
yjgH,2.94E-06
yjgL,1.48E-06
yjgM,1.54E-05
yjgN,1.41E-07
yjgR,1.44E-05
yjgW,1.20E-06
yjgX_1,2.47E-06
yjgX_2,2.48E-05
yjgZ,1.73E-06
yjhB,2.08E-06
yjhC,5.08E-06
yjhD,2.84E-06
yjhE,1.27E-06
yjhF,1.47E-06
yjhG,6.12E-06
yjhH,3.95E-06
yjhI,5.09E-07
yjhP,3.09E-06
yjhQ,2.01E-06
yjhR,9.36E-07
yjhU,6.36E-05
yjhV,2.45E-06
yjiA,4.84E-05
yjiC,1.27E-07
yjiG,5.45E-06
yjiH,5.57E-07
yjiJ,2.71E-06
yjiK,2.36E-06
yjiL,1.96E-06
yjiM,2.13E-06
yjiN,3.85E-06
yjiP,3.86E-06
yjiQ,8.41E-06
yjiR,6.80E-06
yjiS,6.41E-07
yjiT,9.70E-06
yjiV,2.70E-06
yjiX,1.21E-05
yjiY,2.64E-06
yjjA,5.68E-05
yjjB,4.66E-06
yjjG,5.98E-05
yjjI,3.16E-06
yjjJ,1.40E-05
yjjP,4.64E-06
yjjQ,3.50E-07
yjjU,1.03E-05
yjjV,8.33E-06
yjjW,2.06E-06
yjjX,3.34E-05
yjjY,1.97E-04
yjjZ,4.16E-05
yjtD,2.34E-05
ykfA,7.08E-06
ykfB,1.27E-04
ykfC,8.77E-06
ykfF,1.93E-05
ykfG,2.66E-06
ykfH,2.76E-06
ykfI,7.61E-06
ykfJ,7.92E-08
ykfM,2.20E-07
ykgA,3.51E-06
ykgE,3.88E-06
ykgF,5.92E-06
ykgG,5.01E-06
ykgH,8.85E-07
ykgJ,4.61E-06
ykgL,5.38E-06
ykgM,9.53E-06
ykgN,0.00E+00
ykgO,1.38E-05
ykgR,6.22E-07
ykiA,6.49E-06
ylaC,1.86E-05
ylbE,1.18E-06
ylbF,8.81E-07
ylbG,1.21E-05
ylbH,6.84E-07
ylcG,3.00E-07
ylcH,0.00E+00
ylcI,4.34E-06
yliI,3.60E-06
ymbA,5.43E-05
ymcE,2.47E-06
ymdA,1.60E-04
ymdB,7.09E-05
ymdE,0.00E+00
ymdF,1.37E-05
ymfA,5.36E-06
ymfD,7.37E-06
ymfE,1.83E-06
ymfH,3.12E-06
ymfI,3.31E-05
ymfJ,9.58E-06
ymfK,4.39E-05
ymfL,1.22E-06
ymfM,5.62E-07
ymfN,6.18E-07
ymfO,5.35E-07
ymfP,6.38E-07
ymfQ,2.17E-07
ymfR,2.31E-07
ymfS,8.17E-07
ymfT,1.79E-06
ymgA,6.20E-07
ymgC,0.00E+00
ymgD,5.14E-05
ymgE,1.49E-06
ymgF,1.93E-06
ymgG,5.68E-05
ymgH,1.91E-07
ymgI,6.08E-06
ymgJ,6.82E-07
ymiA,1.63E-05
ymjA,2.79E-05
ymjB,9.28E-07
ymjC,3.01E-06
ymjD,1.28E-06
ynaA,9.25E-07
ynaE,1.81E-07
ynaI,6.50E-06
ynaJ,3.05E-04
ynaK,1.84E-06
ynbA,1.05E-07
ynbB,1.18E-07
ynbC,1.20E-06
ynbD,3.84E-06
ynbE,1.90E-05
ynbG,0.00E+00
yncD,1.91E-05
yncE,7.52E-04
yncG,1.06E-06
yncH,0.00E+00
yncI,3.68E-07
yncJ,1.12E-05
yncK_1,1.12E-05
yncK_2,2.79E-06
yncL,1.12E-05
yncM,2.10E-07
yneE,1.06E-05
yneG,2.90E-05
yneH,2.93E-05
yneJ,5.04E-06
yneK,2.46E-07
yneL,7.05E-07
yneM,1.95E-04
ynfA,8.15E-06
ynfB,1.51E-04
ynfC,2.12E-05
ynfD,3.82E-05
ynfE,1.68E-06
ynfF,3.06E-06
ynfG,2.40E-06
ynfH,8.16E-06
ynfK,2.54E-05
ynfL,4.42E-06
ynfM,4.41E-05
ynfN,2.71E-07
ynfO,1.27E-06
ynfP,3.81E-07
ynhF,1.53E-05
yniA,1.86E-05
yniB,2.91E-05
yniC,4.82E-05
yniD,6.66E-06
ynjA,7.20E-06
ynjB,1.29E-05
ynjC,5.50E-06
ynjD,1.17E-05
ynjE,2.72E-05
ynjF,8.65E-06
ynjH,9.01E-05
ynjI,2.66E-05
yoaA,2.49E-05
yoaB,2.20E-04
yoaC,8.87E-06
yoaE,4.56E-05
yoaF,3.85E-05
yoaG,2.43E-06
yoaH,7.49E-05
yoaI,1.19E-05
yoaJ,9.87E-06
yoaK,1.71E-06
yobA,1.12E-04
yobB,1.53E-05
yobD,3.19E-05
yobF,1.18E-03
yobH,2.45E-05
yobI,3.20E-07
yodB,2.15E-06
yodC,1.41E-05
yodD,6.12E-06
yoeA,1.29E-05
yoeB,9.16E-05
yoeE,5.84E-06
yoeF,1.14E-05
yoeI,1.84E-04
yohC,3.67E-06
yohD,1.32E-05
yohF,2.53E-06
yohH,1.53E-07
yohJ,4.39E-05
yohK,2.62E-05
yohO,2.74E-06
yohP,3.27E-06
yojI,4.25E-05
yojO,2.56E-07
ypaB,7.34E-07
ypdA,1.89E-05
ypdB,3.36E-05
ypdC,1.23E-05
ypdE,1.24E-06
ypdF,1.11E-06
ypdI,1.69E-06
ypdJ,7.50E-07
ypdK,6.17E-05
ypeA,2.44E-05
ypeB,5.82E-05
ypeC,2.50E-05
ypfG,6.91E-06
ypfH,4.85E-05
ypfJ,8.36E-05
ypfM,3.62E-04
ypfN,1.54E-04
yphA,4.66E-06
yphB,5.35E-06
yphC,4.78E-06
yphD,1.38E-06
yphE,1.22E-06
yphF,6.02E-07
yphG,1.04E-06
yphH,7.48E-06
ypjA,2.12E-06
ypjB,8.01E-08
ypjC,8.76E-08
ypjD,3.57E-05
ypjF,1.73E-06
ypjJ,7.37E-07
ypjK,1.87E-06
ypjM_1,1.16E-06
ypjM_2,9.47E-07
ypjM_3,7.05E-06
yqaA,7.64E-05
yqaB,6.45E-05
yqaE,5.83E-05
yqcA,8.71E-05
yqcC,2.15E-05
yqcE,7.78E-07
yqcG,0.00E+00
yqeA,5.08E-06
yqeB,2.13E-06
yqeC,8.78E-07
yqeF,2.86E-05
yqeG,2.85E-06
yqeH,8.69E-07
yqeI,2.06E-06
yqeJ,4.38E-07
yqeK,4.97E-08
yqeL,0.00E+00
yqfA,7.62E-05
yqfB,6.95E-05
yqfE,1.56E-06
yqfG,1.68E-07
yqgA,8.63E-06
yqgB,1.69E-04
yqgC,2.05E-04
yqgD,1.73E-05
yqgE,9.31E-05
yqgF,7.06E-05
yqhA,9.66E-05
yqhC,1.64E-05
yqhD,1.23E-04
yqhG,1.96E-06
yqhH,9.84E-06
yqiA,6.04E-05
yqiB,6.93E-05
yqiC,2.11E-04
yqiG,7.03E-07
yqiH,2.82E-07
yqiI,7.75E-07
yqiJ,1.21E-06
yqiK,1.23E-06
yqjA,7.20E-05
yqjC,8.34E-05
yqjD,8.52E-05
yqjE,5.40E-05
yqjF,4.09E-06
yqjG,8.08E-06
yqjH,7.89E-05
yqjI,4.72E-05
yqjK,6.87E-05
yraH,2.06E-06
yraI,2.43E-07
yraJ,3.50E-06
yraK,5.81E-06
yraN,6.63E-05
yraP,1.18E-04
yraQ,5.32E-05
yraR,4.46E-06
yrbG,3.11E-05
yrbL,2.53E-04
yrbN,3.20E-04
yrdA,1.33E-04
yrdB,1.39E-04
yrdD,1.23E-04
yrfF,3.44E-05
yrfG,4.66E-05
yrhA,1.02E-07
yrhB,1.34E-06
yrhD,1.36E-07
ysaA,3.05E-05
ysaB,2.75E-06
ysgA,1.42E-04
yshB,2.37E-04
ytcA,2.30E-07
ytfA,7.12E-06
ytfB,5.34E-05
ytfE,5.10E-06
ytfF,6.25E-06
ytfH,9.83E-06
ytfI,5.63E-07
ytfJ,1.12E-05
ytfK,8.72E-05
ytfL,2.01E-05
ytfP,1.09E-05
ytfQ,7.49E-06
ytfR,3.83E-06
ytfT,1.86E-06
ythA,2.69E-06
ytjA,1.87E-05
ytjB,1.79E-05
ytjC,7.11E-05
yzcX,1.18E-06
yzfA,0.00E+00
yzgL,3.23E-06
zapA,2.77E-04
zapB,8.60E-04
zapC,2.02E-05
zapD,5.98E-05
zapE,4.80E-05
zinT,5.17E-06
zipA,1.88E-04
zitB,2.67E-05
zntA,1.41E-05
zntR,3.16E-05
znuA,6.64E-05
znuB,2.10E-05
znuC,4.06E-05
zraP,1.13E-05
zraR,5.55E-06
zraS,3.40E-06
zupT,6.09E-05
zur,5.42E-05
zwf,2.77E-04
